PLU,DESC,ptag
10010091,"SAMPOERNA, ROKOK FILTER MILD (PCS) MERAH 16'S BKS",E
10008989,"BIMOLI, MINYAK GORENG (REFILL)  2000mL PCH",E
10005482,"SUNLIGHT, PENCUCI PIRING NEW REF LIME 700/650mL PCH",E
20070618,"MARLBORO, ROKOK FILTER BLACK 20'S BKS",D
20069208,"LE MINERALE, AIR MINERAL  600mL BTL",E
10005838,"FILMA, MINYAK GORENG REFILL  2000mL PCH",D
10004906,"BEAR BRAND, SUSU ENCER STERIL  189mL KLG",E
10003814,"AQUA, AIR MINERAL  600mL BTL",E
20100795,"ESSE CHANGE, ROKOK FILTER DOUBLE 20'S BKS",blank
20025487,"INDOMARET, BERAS RAMOS SUPER  5kg SAK",T
20040294,"SGM EKSPLOR 1+, PRO-GRESSMAXX SUSU PERTUMBUHAN MADU 900g BOX",E
20090009,"SANIA, BERAS PREMIUM  5kg SAK",E
20124037,"L A, ROKOK FILTER ICE PURPLE BOOST 16'S BKS",D
20079512,"SAMPOERNA, ROKOK FILTER MILD (PCS) MENTHOL BURST 16'S BKS",D
10010075,"GUDANG GARAM, ROKOK FILTER SURYA (PCS)  16'S BKS",E
20042991,"INDOMARET, GULA PASIR PREMIUM PUTIH 1kg PCK",blank
10010100,"MARLBORO, ROKOK FILTER HARDPACK (PCS)  20'S BKS",E
20052296,"INDOMARET, GULA PASIR PREMIUM KUNING 1kg PCK",blank
10010074,"GUDANG GARAM, ROKOK FILTER SURYA (PCS) MERAH 12'S BKS",blank
20062125,"L A, ROKOK FILTER BOLD  20'S BKS",D
20080198,"LARISST, BERAS KEPALA SUPER  5kg SAK",E
10000426,"AQUA, AIR MINERAL  1500mL BTL",E
10003517,"INDOMIE, MIE GORENG PLUS SPECIAL 80g PCK",E
10030733,"DJI SAM SOE, ROKOK KRETEK SUPER PREMIUM 12'S BKS",E
20040293,"SGM EKSPLOR 1+, PRO-GRESSMAXX SUSU PERTUMBUHAN VANILA 900g BOX",E
20120993,"HARUMAS, MINYAK GORENG  2L PCH",blank
10003974,"TROPICAL, MINYAK GORENG  2000mL BTL",E
20095217,"SAMPOERNA, ROKOK FILTER SPLASH TROPICAL 16'S BKS",S
20085988,"LE MINERALE, AIR MINERAL  1500mL BTL",E
20064088,"SAMPOERNA, KRETEK SLIMS AVOLUTION  20'S BKS",D
20120992,"CAMAR, MINYAK GORENG  2L PCH",N
20045422,"MAMY POKO, PANTS STANDAR 30/28'S  LARGE PCK",E
10004669,"ULTRA, SUSU UHT STERIL SLIM CHOCOLATE 250mL TPK",E
20068905,"FRISIAN FLAG, SUSU KENTAL MANIS PUTIH 545g PCH",E
20035484,"PUCUK HARUM, MINUMAN TEH MELATI 350mL BTL",E
10033572,"PEDIASURE, TRIPLESURE VANILA 850g KLG",blank
20009737,"YOU C1000, HEALTH DRINK VITAMIN ORANGE 140mL BTL",E
20040296,"SGM EKSPLOR 3+, PRO-GRESSMAXX SUSU PERTUMBUHAN MADU 900g BOX",E
20069146,"BEBELAC 3, SUSU PERTUMBUHAN MADU 1000g BOX",E
20045419,"MAMY POKO, PANTS STANDAR 34/32'S  MEDIUM PCK",E
10000405,"ULTRA, SUSU CAIR UHT STERIL PLAIN 1000mL TPK",E
20074976,"PENSIL MAS, ROKOK FILTER MILD 20'S BKS",blank
20043389,"MARLBORO, ROKOK FILTER ICE BLAST / ICE BURST 20'S BKS",D
20119956,"INDOMARET, BERAS KEPALA SUPER PREMIUM  5Kg SAK",blank
20045423,"MAMY POKO, PANTS STANDAR 26'S  EXTRALARGE PCK",D
20019674,"YOU C1000, ISOTONIC DRINK ORANGE WATER 500mL BTL",D
10002101,"HAPPYTOS, SNACK TORTILA CHIPS MERAH 160/140g PCK",E
20040298,"SGM ANANDA 2, FORMULA BAYI BUBUK 6 -12 BULAN 1000g BOX",E
20124726,"INDOMARET, FACIAL TISSUE 2 PLY (2+1)  3x180'S BDD",E
20101141,"TROY, ROKOK KRETEK FILTER  20'S BKS",blank
10011850,"HEAD &SHOULDERS, SHAMPOO A/D MENTHOL DINGIN 160mL BTL",S
20091352,"DAIA, DETERGENT BUBUK+SOFTENER VIOLET/VIO PASS 1.7/1.6kg PCK",E
10010102,"MARLBORO, ROKOK FILTER (PCS) LIGHT 20'S BKS",D
20123322,"GOLDA, COFFEE DRINK CAPPUCCINO 200mL BTL",E
20057442,"KINDER JOY, CHOCOLATE CRISPY BOYS 20g PCS",D
20057444,"KINDER JOY, CHOCOLATE CRISPY GIRL 20g PCS",D
20069147,"BEBELAC 3, SUSU PERTUMBUHAN VANILA 1000g BOX",D
10036640,"ULTRA, TEH KOTAK JASMINE TEA 200/300mL TPK",E
20040295,"SGM EKSPLOR 3+, PRO-GRESSMAXX SUSU PERTUMBUHAN VANILA 900g BOX",E
20055060,"DUNHILL, ROKOK FINE CUT FILTER  16'S BKS",S
20052321,"DAIA, DETERGENT BUBUK+SOFTENER PINK/RMNTC PINK 1.7/1.6kg PCK",D
20077499,"PRISTINE 8.6+, AIR MINERAL  600mL BTL",S
20047247,"AQUA, AIR MINERAL CLICK N GO  750mL BTL",S
20057867,"HYDRO COCO, NATURAL HEALTH DRINK  500mL TPK",D
20042207,"S-26 PROCAL GLD, SUSU BUBUK PERTUMBUHAN 3 VANILLA (NEW) 900g KLG",blank
20094171,"INDOMARET, AIR MINUM 24X  220/200mL CTN",S
20005529,"NESTLE, AIR MINERAL PURE LIFE 600mL BTL",D
10010805,"SANIA, MINYAK GORENG REFILL  2000mL PCH",D
20116670,"CHITATO LITE, SNACK POTATO NORI SEAWEED 68g PCK",D
20055795,"ESSE CHANGE, ROKOK FILTER APPLEMINT 20'S BKS",blank
10010078,"GUDANG GARAM, ROKOK FILTER MERAH (PCS)  12'S BKS",E
10000181,"BIMOLI, MINYAK GORENG  5000mL DRG",D
20003910,"NISSIN, WALENS CHOCO SOES  100g PCK",D
20024699,"STT, FRENCH FRIES 2000 PREMIUM  62g PCK",D
20116675,"CHITATO LITE, SNACK POTATO NORI SEAWEED 120g PCK",D
20094203,"ESSE CHANGE, ROKOK FILTER JUICY 20'S BKS",blank
10012338,"BIMOLI, MINYAK GORENG (REFILL)  1000mL PCH",S
20040297,"SGM ANANDA 1, FORMULA BAYI BUBUK 0-6 BULAN 1000g BOX",E
20107742,"INDOMARET, TAS RAMAH LINGKUNGAN KECIL 36x30cm PCS",S
20039728,"SHINZU'I, BODY CLEANSER SKIN LIGHTENING KIREI 420/400mL PCH",S
20037566,"SOVIA, MINYAK GORENG  2L PCH",D
10010090,"SAMPOERNA, ROKOK FILTER MILD (PCS) MERAH 12'S BKS",S
20043713,"INDOMARET, MINYAK GORENG  2L PCH",T
20048746,"L A, ROKOK FILTER ICE 16'S BKS",S
10004676,"ULTRA, SUSU UHT STERIL SLIM PLAIN 250mL TPK",D
20070712,"MERRIES, PANTS GOOD SKIN 30/28+2'S  LARGE BAG",D
20047217,"PEPSODENT, PASTA GIGI WHITE  225g TUB",D
20076765,"ROSE BRAND, GULA PASIR PUTIH 1Kg PCK",T
20008798,"SILVER QUEEN, CHOCOLATE CHUNKY BAR CASHEW 100/95g PCK",S
10036647,"ULTRA, SUSU CAIR UHT STERIL CHOCOLATE 1000mL TPK",E
10010112,"LUCKY STRIKE, ROKOK FILTER (PCS)  20'S BKS",D
10004668,"ULTRA, SUSU UHT STERIL SLIM STRAWBERRY 250mL TPK",D
10000185,"INDOMIE, MIE INSTANT KARI AYAM 72g PCK",D
20107189,"SAMPOERNA, ROKOK FILTER MILD MERAH SPECIAL EDITION 16'S BKS",blank
20039178,"DUNHILL, ROKOK FINE CUT MILD  20'S BKS",S
20077483,"MERRIES, PANTS GOOD SKIN 26'S  EXTRALARGE BAG",S
10001094,"CHITATO, SNACK POTATO CHIPS SAPI PANGGANG 68g PCK",D
20009722,"POCARI SWEAT, MINUMAN ISOTONIK  500mL BTL",E
10012753,"BIMOLI, MINYAK GORENG SPECIAL REFILL  2000mL PCH",S
20085054,"ICHITAN, THAI MILK TEA DRINK  300mL BTL",D
20113450,"ICHITAN, MINUMAN BROWN SUGAR MILK  300mL BTL",S
10007970,"BUAVITA, JUICE SLIM (82314) JAMBU 245mL TPK",S
10004336,"INDOMARET, AIR MINERAL  600mL BTL",D
10023789,"SEDAAP MIE, MIE INSTANT GORENG 90g PCK",D
20123283,"TWIZZ, ROKOK FILTER ROYAL CRUSH 16'S BKS",S
20113567,"GENTLE GEN, DETERJEN CAIR MORNING BREEZE 750/700ml BTL",D
10036987,"SILVER QUEEN, CHOCOLATE CASHEW 62/58g PCK",D
20066494,"SGM EKSPLOR 5+, PRO-GRESSMAXX SUSU PERTUMBUHAN MADU 900g BOX",S
20076768,"ROSE BRAND, GULA PASIR KUNING 1Kg PCK",E
20070711,"MERRIES, PANTS GOOD SKIN 34/32+2'S  MEDIUM BAG",D
20023846,"PRINGLES, POTATO CRISPS ORIGINAL 107/102g KLG",S
20103718,"TUJUH KURMA, SUSU STERIL KURMA  189mL KLG",D
20060300,"CAMEL, ROKOK FILTER ACTIVATE PURPLE MINT 20'S BKS",D
20064913,"INDOMARET, FACIAL TISSUE NON PERFUMED SOPANUSA 900g BAG",blank
20106150,"MAMY POKO, BABY DIAPERS X-TRA KERING 44'S  NEW BORN PCK",S
20035628,"BEBELOVE 2, SUSU FORMULA LANJUTAN  800g KLG",L
20083490,"MARLBORO, ROKOK FILTER BLACK 12'S BKS",S
20008081,"PEDIASURE, TRIPLESURE MADU 850g KLG",blank
20014399,"MORINAGACHILKID, SUSU PERTUMBUHAN DHA 3 VANILA 800g BOX",D
20035630,"BEBELAC 3, SUSU PERTUMBUHAN FOS & GOS VANILA 800g KLG",D
10007380,"ULTRA, SUSU UHT STERIL SLIM COKLAT 200mL TPK",D
10024523,"CLAS MILD, ROKOK FILTER  16'S BKS",S
20113402,"KAHF, SKIN FACE WASH ENERGZNG&BRIGHT 100mL TUB",S
10004337,"INDOMARET, AIR MINERAL  1500mL BTL",D
20072925,"BABY HAPPY !, BABY DIAPERS PANTS 30/28'S  LARGE BAG",E
20105344,"MARLBORO, ROKOK FILTER BLACK 16'S BKS",L
20092063,"CHITATO, SNACK POTATO CHIPS SAPI PANGGANG 120g PCK",D
20092521,"SWEETY, SILVER PANTS 28/26'S  LARGE BAG",S
20077508,"SGM EKSPLOR 1+, PRO-GRESSMAXX SUSU PERTUMBUHAN VANILA 600g BOX",D
20068906,"FRISIAN FLAG, SUSU KENTAL MANIS COKELAT 545g PCH",D
20073638,"SWEETY, BRONZE PANTS 34/32S  MEDIUM PCK",D
20095888,"SILVER QUEEN, WHITE CHOCOLATE CHUNKY BAR CASHEW 100/95g PCK",L
20072924,"BABY HAPPY !, BABY DIAPERS PANTS 26'S  EXTRALARGE BAG",D
20014400,"MORINAGACHILKID, SUSU PERTUMBUHAN DHA 3 MADU 800g BOX",blank
20045415,"KOPIKO, COFFEE LATTE 78C  240mL BTL",L
20120904,"KOPI KENANGAN, HANYA UNTUKMU COFFEE DRINK BLACK AREN 220mL BTL",L
10015698,"MILO, CHOCOLATE NUGGETS  25g PCK",L
20064089,"SAMPOERNA, KRETEK SLIMS AVOLUTION MENTHOL 20'S BKS",S
20049799,"HEAD &SHOULDERS, SHAMPOO A/D LEMON FRESH 160mL BTL",blank
20022908,"SILVER QUEEN, CHOCOLATE CHUNKY BAR ALMOND 100/95g PCK",S
20027167,"INDOMARET, FACIAL TISSUE NON PERFUMED 400g PCK",S
20045418,"MAMY POKO, PANTS STANDAR 40/38'S  SMALL PCK",D
10003800,"INDOMIE, MIE GORENG JUMBO SPECIAL 129g PCK",E
20122822,"CIMORY, FRESH MILK UHT MARIE BISCUITS 250mL TPK",D
20126307,"ESSE, ROKOK FILTER DOUBLE POP  16'S BKS",blank
20042866,"GARNIER, MEN ACNO FIGHT FOAM 12-IN-1 ANTI ACNE 100mL TUB",D
20071775,"BAYGON, INSEKTISIDA SPRAY FLOWER GARDEN 600+75mL KLG",D
20120906,"KOPI KENANGAN, HANYA UNTUKMU COFFEE DRINK MANTANCINO 220mL BTL",blank
20037565,"PUCUK HARUM, MINUMAN TEH MELATI 500mL BTL",D
20018435,"HYDRO COCO, NATURAL HEALTH DRINK  250mL TPK",D
20064413,"KAO ATTACK, DETERGENT POWDER JAZ 1 SEMERBAK CINTA 1.7/1.6Kg BAG",S
20069696,"OISHI, SNACK POPCORN KARAMEL 100g PCH",S
10036685,"NUTELLA, JAM SPREAD KECIL HAZELNUT 200g BTL",L
20076770,"GOOD DAY, COFFEE DRINK CAPPUCCINO 250mL BTL",D
10005662,"ABC, BATTERY ALKALINE AA-LR6/4'S MILLENNIUM PWR  PCK",S
20034450,"MAMA LEMON, CAIRAN PENCUCI PIRING EKS. CLN JERUK NIPIS 780/680mL PCH",D
20073639,"SWEETY, BRONZE PANTS 30/28S  LARGE PCK",D
20102468,"LUCKY STRIKE, ROKOK FILTER PURPLE BOOST 20'S BKS",L
10035165,"KRAFT, SANDWICH OREO ORIGINAL 119.6/138g PCK",D
20037137,"PORORO, MINUMAN BERPERISA STROBERI 235mL BTL",S
20039727,"SHINZU'I, BODY CLEANSER SKIN LIGHTENING MATSU 420/400mL PCH",L
20113403,"KAHF, FACE WASH OIL & ACNE CARE 100mL TUB",S
10000360,"KHONG GUAN, BISCUIT RED SEGI ASSORTED 1600g KLG",J
20084438,"LIFREE, POPOK CELANA EXTRA 8'S  LARGE BAG",L
10010113,"LUCKY STRIKE, ROKOK FILTER COOL SWITCH 20'S BKS",L
20014069,"FRISIAN FLAG, SUSU CAIR UHT FULL CREAM 946mL TPK",D
20035632,"BEBELAC 3, SUSU PERTUMBUHAN FOS & GOS MADU 800g KLG",D
20120493,"CAMAR, MINYAK GORENG  1L PCH",N
20045854,"PSM, GULA PREMIUM  1kg PCK",E
20055286,"LACTOGROW 3, SUSU PERTUMBUHAN MADU 735g BOX",blank
20023845,"PRINGLES, POTATO CRISPS CHEESY CHEESE 107/102g KLG",L
20123284,"TWIZZ, ROKOK FILTER YELLOW CRUSH 16'S BKS",T
20004283,"DJI SAM SOE, ROKOK FILTER MAGNUM  12'S BKS",D
20065041,"PORORO, MINUMAN BERPERISA BLUEBERRY 235mL BTL",S
10005468,"PASEO, FACIAL TISSUE SOFT PACK  250'S BAG",L
20107180,"MARLBORO, ROKOK FILTER ICE BURST SPECIAL EDITION 20'S BKS",blank
20073377,"GARNIER, MICELLAR CLEANSING WATER PINK 125mL BTL",S
20015838,"POCARI SWEAT, MINUMAN ISOTONIK  350mL BTL",D
20045132,"ROMA, BISCUIT SARI GANDUM SANDWICH SUSU&COKELAT 115/108g PCK",S
20093909,"REBO, KUACI MILK 150g PCH",S
20102789,"ABC, COFFEE DRINK CHOCOMALT COFFE 200mL BTL",D
20117925,"CAMEL, ROKOK FILTER MILD INTENSE BLUE  16'S BKS",D
20104000,"INDOMARET, KACANG ALMOND  70g PCH",S
20070889,"PENSIL MAS, ROKOK FILTER 20'S BKS",blank
20045674,"GOOD DAY, COFFEE DRINK FUNTS.MOCACINNO 250mL BTL",S
20074147,"SGM EKSPLOR 1+, PRO-GRESSMAXX SUSU PERTUMBUHAN MADU 600g BOX",D
20041399,"LIFEBUOY, SABUN MANDI CAIR REFILL LEMON FRESH 450/400mL PCH",L
20112661,"ESSE, ROKOK FILTER PUNCH POP  16'S BKS",blank
20013298,"FRUIT CANDY, HAPPY TOY  8g PCS",T
20065379,"SGM SOYA 1+, EKSPLOR PRO-GRESSMAXX VANILA 700g BOX",blank
20070687,"LIFREE, POPOK CELANA EXTRA 10'S  MEDIUM BAG",L
20120180,"SO SOFT, DETERJEN CAIR NATURE FRESH/ ROSE&WATERLILY 750/700ml BTL",S
10010084,"L A, ROKOK FILTER (PCS) LIGHT 16'S BKS",S
10031595,"ROMA, BISCUIT (NEW) KELAPA 300g PCK",S
20037136,"PORORO, MINUMAN BERPERISA SUSU 235mL BTL",S
20096677,"INDOMARET, SNACK SOES COKELAT 80g PCK",blank
20049919,"LUX, SABUN MANDI CAIR REFILL SOFT ROSE 450/400mL PCH",L
20102790,"ABC, COFFEE DRINK MILK COFFEE 200mL BTL",D
20114021,"INDOMARET, FACIAL TISSUE PREMIUM 100'S   PCK",S
20027166,"INDOMARET, FACIAL TISSUE 220'S NON PERFUMED  PCK",S
20039717,"CADBURY, CHOCOLATE DAIRY MILK  65/62g PCK",S
20107181,"MARLBORO, ROKOK FILTER HARDPACK SPECIAL EDITION 20'S BKS",blank
20098348,"REBO, KUACI ORIGINAL 150g PCH",S
20092857,"STT, FRENCH FRIES 2000 PREMIUM  138g PCK",D
20042370,"MAMASUKA, RUMPUT LAUT PANGGANG (NORI)  2x4.5g PCK",S
20098227,"KAPAL API, KOPI BUBUK SPECIAL MERAH 380g PCK",S
20113346,"VIDORAN XMART1+, SUSU PERTUMBUHAN VANILLA 925g BOX",D
10015532,"AQUA, AIR MINERAL  330mL BTL",S
10039897,"YOU C1000, HEALTH DRINK VITAMIN LEMON 140mL BTL",S
20114493,"NESCAFE, COFFEE DRINK LATTE 220mL KLG",S
20036157,"SOSRO, TEH BOTOL JASMINE TEA 450mL BTL",D
20113555,"MARLBORO, ROKOK FILTER SPECIAL EDITION BLACK 20'S BKS",blank
20087202,"LIFEBUOY, SABUN MANDI CAIR REFILL LEMON FRESH 850/825mL PCH",L
10025848,"NUTRICIA, NUTRILON ROYAL 3 VANILLA 400g BOX",blank
10000689,"SPRITE, SOFT DRINK  1500mL PET",D
20056977,"GARUDA, KACANG PANGGANG ROSTA BAWANG 100/95g PCK",S
10036957,"HAPPYTOS, SNACK TORTILA CHIPS HIJAU 160/140g PCK",S
20092520,"SWEETY, SILVER PANTS 30/28'S  MEDIUM BAG",S
20090696,"LACTOGROW 3, SUSU PERTUMBUHAN VANILA 735g BOX",blank
10006955,"SELECTION, KAPAS KECANTIKAN  50g PCK",L
10006260,"DANCOW FORTIGRO, SUSU BUBUK COKELAT 780g BOX",S
20035627,"BEBELOVE 2, SUSU FORMULA LANJUTAN  400g BOX",D
20112492,"SUNLIGHT, PENCUCI PIRING (NEW) LIME 460/420mL PCH",S
20098000,"GENKI, MOKO MOKO PANTS 30/28+2'S  LARGE BAG",S
20113059,"NU, MINUMAN YOGURT TEA  450mL BTL",S
20045924,"NIVEA, BODY SERUM EXTRA BRIGHT CARE & PROTECT 180mL TUB",S
10038967,"NICE, FACIAL TISSUE GENUINE 553  900g PCK",O
20072923,"BABY HAPPY !, BABY DIAPERS PANTS 34/32'S  MEDIUM BAG",E
20065778,"COCA COLA, SOFT DRINK  390mL PET",S
20021392,"MAMY POKO, PANTS STANDAR 20'S  LARGE PCK",L
10015650,"DANCOW 3+, SUSU BUBUK PRTCTS PROBIO VANILA 750g BOX",L
20098001,"GENKI, MOKO MOKO PANTS 26+2'S  EXTRALARGE BAG",S
20044351,"SHINZU'I, BODY CLEANSER SKIN LIGHTENING KIREI 500/480mL BTL",L
20056219,"ETERNALPLUS, MINERAL WATER  500mL BTL",blank
10004237,"CAP BADAK, LARUTAN PENYEGAR LECI 320mL KLG",S
20065779,"SPRITE, SOFT DRINK  390mL PET",S
20125542,"KAHF, TRIPLE ACTION OIL & COMEDO DEFENSE 100mL TUB",S
20004229,"SMAX, SNACK RING RASA CHEESE 50/40g PCK",L
20020245,"MOLTO, PEWANGI PAKAIAN ACTIVE FRESH BLUE 820/780mL PCH",S
20117981,"VIDORAN XMART3+, SUSU PERTUMBUHAN VANILA 925g BOX",L
20118913,"INDOMARET, TAS RAMAH LINGKUNGAN SEDANG 38x30x10.5 PCS",blank
10000213,"GLICO, BISCUIT POCKY CHOCOLATE 47g BOX",D
10006262,"DANCOW 1+, SUSU BUBUK PRTCTS PROBIO MADU 750g BOX",S
20097390,"MAMASUKA, RUMPUT LAUT PANGGANG (NORI) BBQ 2x4.5g PCK",L
20011007,"LIFEBUOY, SABUN MANDI CAIR REFILL WHITE MILD CARE 450/400mL PCH",blank
20096704,"DUNHILL, ROKOK FINE CUT MILD  16'S BKS",L
10015652,"DANCOW 1+, SUSU BUBUK PRTCTS PROBIO VANILA 750g BOX",S
20129689,"CRYSTAL, ROKOK FILTER CAFFE LATTE 12'S BKS",blank
20081452,"LIFEBUOY, SABUN MANDI CAIR REF. TOTAL10 RED 850/825mL PCH",L
20034685,"OISHI, SNACK PILLOWS CHOCOLATE 110/100g PCH",S
20021394,"MAMY POKO, PANTS STANDAR 18'S  XXL PCK",blank
10000688,"COCA COLA, SOFT DRINK PET  1500mL PET",D
10000206,"NISSIN, CRACKERS CRISPY 225/250g PCK",L
10006258,"DANCOW FORTIGRO, SUSU BUBUK FULL CREAM 780g BOX",blank
20128096,"TWIZZ, ROKOK FILTER GREEN CRUSH 16'S BKS",T
20020226,"MOLTO, PEWANGI PAKAIAN HIJAB SOFT & FRESH PINK 820/780mL PCH",L
20066454,"SOSRO, FRUIT TEA BLACKCURRANT 350mL BTL",S
20114495,"NESCAFE, COFFEE DRINK CAPPUCCINO 220mL KLG",S
20000786,"NESCAFE, ICE COFFEE LATTE 220mL KLG",S
20008748,"VAPE, LIQUID ANTI NYAMUK 45MALAM REF FRUITY FRESH 45mL BOX",blank
20072249,"SOSRO, TEH BOTOL ORIGINAL 350mL BTL",D
20011008,"LIFEBUOY, SABUN MANDI CAIR REF. TOTAL10 RED 450/400mL PCH",L
20019673,"YOU C1000, ISOTONIC DRINK LEMON WATER 500mL BTL",S
20072322,"INDOMARET, SANDAL PRIA (NEW)  41-42 PSG",blank
20101825,"VIDORAN XMART1+, SUSU PERTUMBUHAN MADU 925g BOX",D
20021178,"MINUTE MAID, JUICE PULPY ORANGE 300mL BTL",S
20115758,"CAMEL, ROKOK FILTER (NEW) YELLOW 20'S BKS",D
20112491,"SUNLIGHT, PENCUCI PIRING (NEW) LIME 1L/910ml PCH",S
20097515,"INDOMARET, POPCORN CARAMEL 75g PCK",S
20115636,"YOU C1000, HEALTH DRINK VITAMIN MANGO 140mL BTL",S
10006957,"SELECTION, KAPAS KECANTIKAN  75g PCK",L
20110320,"MATERAI, 10.000 (DESAIN 2021)   PCS",E
20123019,"SAYANG, DETERJEN LIQUID KONSENTRAT ROSE 750/720ml PCH",S
20120877,"NUVO, SABUN KESEHATAN CAIR (MERAH) CLASSIC 900/825mL PCH",L
20126648,"LE MINERALE, AIR MINERAL  6x330mL BDD",blank
20044093,"PRINGLES, POTATO CRISPS SOURCREAM&ONION 107/102g KLG",blank
20109969,"KOPIKO, MINUMAN KOPI SUSU LUCKY DAY 180mL BTL",blank
20047324,"SGM ANANDA 2, FORMULA BAYI BUBUK 6 -12 BULAN 600g BOX",D
20122264,"CHITATO, SNACK POTATO CHIPS MI GORENG 68g PCK",L
20101102,"ICHITAN, THAI MILK GREEN TEA DRINK  300mL BTL",S
20020128,"NICE, FACIAL TISSUE 250'S NON PERFUMED  BAG",S
20106190,"CAMEL, ROKOK FILTER OPTION PURPLE  12'S BKS",E
20035829,"TEBS, TEA WITH SODA  500mL BTL",S
20099414,"SO KLIN, SOFTERGENT POWDER PURPLE LAVENDER 1.8Kg PCK",blank
20014973,"SILVER QUEEN, CHOCOLATE CRISPY  57/55g PCK",L
10011852,"HEAD &SHOULDERS, SHAMPOO A/D ANTI BACTERIAL BERSIH & HARUM 160mL BTL",blank
20040217,"LIFEBUOY, SABUN MANDI CAIR REFILL BLUE COOL FRESH 450/400mL PCH",blank
10013035,"DANCOW 3+, SUSU BUBUK PRTCTS PROBIO MADU 750g BOX",S
20107796,"SAMPOERNA, ROKOK KRETEK HIJAU EDISI KHUSUS 12'S BKS",D
10000425,"CAP LANG, MINYAK KAYU PUTIH  60mL BTL",S
10008469,"BARCO, MINYAK GORENG REFILL  1000mL PCH",L
20046056,"MY BABY, MINYAK TELON PLUS  145/150mL BTL",S
20096502,"CAMEL, ROKOK FILTER YELLOW 20'S BKS",S
20040299,"SGM EKSPLOR 1+, PRO-GRESSMAXX SUSU PERTUMBUHAN MADU 400g BOX",D
20036031,"BEBELOVE 1, SUSU BUBUK INFANT FORMULA  800g KLG",blank
10003873,"KAPAL API, KOPI BUBUK  380g PCK",L
20093678,"ESSE BLUE, ROKOK FILTER CHANGE 20'S BKS",blank
20096590,"SEDAAP MIE, MIE INSTANT SOTO 5x75g PCK",S
10008882,"KAPAL API, KOPI BUBUK SPECIAL 165/160g PCK",S
20118494,"FORTUNE, BERAS PREMIUM  5kg SAK",blank
10036646,"ULTRA, SUSU CAIR LOW FAT 1000mL TPK",blank
20060393,"NUVO, SABUN KESEHATAN CAIR CLASSIC 450/400mL PCH",L
20046914,"BONDY, BERAS SUPER KEPALA  5Kg SAK",blank
10000021,"CAP ENAK, KENTAL MANIS PUTIH 370g KLG",blank
20052907,"MILO, HEALTY DRINK ENERGY ACTIGEN-E 790g PCK",blank
10021008,"GULAKU, GULA TEBU (KUNING)  1000g PCK",D
20122291,"BEBELAC 3, SUSU PERTUMBUHAN GROGREAT+ MADU 620g BOX",L
20030446,"DAIA, DETERGENT BUBUK PUTIH EXTRAK PEMUTIH 1.7/1.6Kg PCK",L
20115188,"CIMORY, FRESH MILK UHT ALMOND 250mL TPK",S
20073495,"SOSRO, FRUIT TEA FREEZE 350mL BTL",S
10003485,"SILVER QUEEN, CHOCOLATE ALMOND 62/58g PCK",S
20021393,"MAMY POKO, PANTS STANDAR 20'S  EXTRALARGE PCK",blank
10000726,"ASTOR, WAFER STICK CHOCOLATE 150g BOX",L
20064426,"TWISTKO, SNACK JAGUNG BAKAR 70g PCK",blank
20106953,"HEAD &SHOULDERS, SHAMPOO A/D ANTI APEK 160mL BTL",blank
10008550,"GOOD TIME, COOKIES CHOCOCHIPS DOUBLE CHOC 72g PCK",L
10038704,"MEIJI, BISCUIT HELLO PANDA CHOCOLATE 45/42g BOX",L
20035626,"BEBELOVE 1, SUSU BUBUK INFANT FORMULA  400g BOX",S
20055205,"TARO, SNACK NET SEAWEED 65/62g PCK",L
10022534,"ABC, KECAP MANIS REFFIL  520mL/685g PCH",blank
20096589,"SEDAAP MIE, MIE INSTANT GORENG 5x90g PCK",D
20117107,"BANGO, KECAP MANIS REFILL  735mL PCH",D
20097776,"JAPOTA, POTATO CHIPS HP.HONEY BUTTER 68g PCK",L
20034577,"SIDO MUNCUL, JAMU TOLAK ANGIN CAIR + MADU  5x15mL BOX",S
20052859,"PRINGLES, POTATO CRISPS ORIGINAL 47/42g KLG",S
20104728,"LEMONILO, CHIMI KERIPIK UBI JAGUNG BAKAR 50/45g PCK",L
20095233,"INDOMARET, LIGHTER SOLID   PCS",blank
20078998,"MAKARIZO, HAIR ENERGY SCENTSATIONS WHITE MUSK 100ml BTL",blank
20121456,"NESCAFE, COFFEE DRINK ICE BLACK 220mL KLG",S
20063269,"NUVO, SABUN KESEHATAN CAIR NATURE 450/400mL PCH",L
20082594,"BEBELAC GOLD 3, SUSU BUBUK VANILLA 700g BOX",blank
20129108,"OATSIDE, OAT MILK COFFEE 200ml TPK",S
20045784,"OISHI, SNACK SPONGE CRUNCH CHOCOLATE 110/100g PCH",L
20035631,"BEBELAC 3, SUSU PERTUMBUHAN FOS & GOS MADU 400g BOX",S
20049941,"LUX, SABUN MANDI CAIR REFILL MAGICAL ORCHID 450/400mL PCH",blank
10033569,"PEDIASURE, TRIPLESURE VANILA 400g KLG",blank
20060290,"MORINAGACHILKID, SUSU PLATINUM 3 MORICARE VANILA 800g KLG",blank
20110634,"GARUDA, SNACK O'CORN SEA SALT 90/84g PCK",L
10035871,"LACTOGEN 2, SUSU BAYI FORMULA DHA+PREBIO 1 735g BOX",blank
10036916,"GLICO, BISCUIT POCKY STRAWBERRY 45g BOX",S
20110001,"WARDAH, UV SHIELD ESSENT SUNSCREEN GEL SPF 30/35 PA+++ 40mL PCK",S
10037809,"WONDER, FUEL GAS  220g KLG",blank
10011593,"HOT WHEELS, MOBIL BASIC ASSORTMENT  PCK",L
20002205,"SOSRO, FRUIT TEA BLACKCURRANT 500mL BTL",S
10014404,"MILO, HEALTY DRINK (RTD)  220mL KLG",L
20120496,"HARUMAS, MINYAK GORENG  1L PCH",blank
10010088,"DJI SAM SOE, ROKOK KRETEK  (PCS)  12'S BKS",E
20034686,"OISHI, SNACK PILLOWS UBI 110/100g PCH",S
20090527,"CRYSTALIN, AIR MINERAL  600mL BTL",S
20071686,"SGM SOYA 1+, EKSPLOR PRO-GRESSMAXX MADU 700g BOX",blank
10012828,"MISTER POTATO, SNACK CRISPS ORIGINAL 85/80g KLG",L
10002595,"KRATINGDAENG, ENERGY DRINK REGULER 150mL BTL",blank
20083795,"FRISIAN FLAG, SUSU CAIR UHT MILKY CHOCO 6x115mL BDD",S
10000713,"INDOMIE, MIE INSTANT KALDU AYAM 75g PCK",blank
10003653,"MORINAGA BMT 1, LACTOFERIN  400g BOX",S
10025295,"DJI SAM SOE, ROKOK KRETEK (PCS)  16'S BKS",L
20111009,"PRINGLES, POTATO CRISPS CHEESY CHEESE 42g KLG",L
20002944,"PEPSODENT, PASTA GIGI HERBAL  190g TUB",L
20113354,"SWEETY, BRONZE COMFORT DIAPERS 44'S  NEW BORN BAG",L
10007973,"BUAVITA, JUICE SLIM (82313) MANGGA 245mL TPK",L
20094167,"MIZONE, MOOD UP MINUMAN ISOTONIK CRANBERRY 500mL BTL",L
10023780,"DANCOW 5+, SUSU BUBUK INST CALCI-N MADU 750g BOX",L
10010081,"DJARUM SUPER, ROKOK FILTER  (PCS)  12'S BKS",D
20021004,"LACTOGROW 3, SUSU PERTUMBUHAN DHA+PREBIO 1 735g BOX",blank
20046794,"CAMEL, ROKOK FILTER WHITE 20'S BKS",D
20045621,"LIFREE, POPOK PEREKAT 8/7'S  LARGE BAG",L
10035865,"LACTOGEN 1, SUSU BAYI FORMULA DHA 735g BOX",blank
20106307,"MISTER POTATO, SNACK CRISPS GHOST PEPPER 45/40g KLG",S
10008581,"CAP BADAK, LARUTAN PENYEGAR PUTIH 500mL BTL",D
20040300,"SGM EKSPLOR 1+, PRO-GRESSMAXX SUSU PERTUMBUHAN VANILA 400g BOX",S
10000442,"FORTUNE, MINYAK GORENG REFILL  2000mL PCH",S
20113074,"MARLBORO, ROKOK KRETEK  12'S BKS",S
20046341,"MILO, HEALTY DRINK 3 IN 1 ACTIGEN-E 790g PCK",blank
20010655,"TANGO, WAFER CHOCOLATE 290/270g KLG",J
10003569,"CLOSE UP, PASTA GIGI GEL GREEN EVER FRESH 160g TUB",S
20034036,"PASEO SMART, FACIAL TISSUE SOFT 250S/540PLY   PCK",blank
20097774,"JAPOTA, POTATO CHIPS UM.JPNS SEAWEED 68g PCK",S
20093101,"ZEN, ANTI BACTERIAL BODY WASH SHISO&SANDALWOD 450/400mL PCH",L
20067210,"PONDS, PEMBERSIH WAJAH BRIGHT BEAUTY/ NIASORCINOL 100g TUB",S
20038777,"POCARI SWEAT, MINUMAN ISOTONIK  900mL BTL",S
20073640,"SWEETY, BRONZE DAY ACTIVE PANTS  26'S  EXTRALARGE BAG",L
20060392,"NUVO, SABUN KESEHATAN CAIR (BIRU) CARING 450/400mL PCH",L
20091225,"OVALTINE, CHOCOLATE MALT BISCUIT  130/104g PCK",blank
10025849,"NUTRICIA, NUTRILON ROYAL 3 VANILA 800g KLG",blank
20014398,"MORINAGACHILMIL, SUSU LANJUTAN DHA 2  800g BOX",blank
20087542,"GOLDA, COFFEE DRINK DOLCE LATTE 200mL BTL",D
20055204,"TARO, SNACK NET POTATO BARBEQUE 65/62g PCK",blank
10012827,"MISTER POTATO, SNACK CRISPS BARBEQUE 85/80g KLG",L
20106821,"MOLTO, PEWANGI PAKAIAN SPORT FRESH PURPLE 820/780mL PCH",blank
20104637,"CIMORY, FRESH MILK UHT CASHEW 250mL TPK",S
10004490,"MEIJI, BISCUIT HELLO PANDA STRAWBERRY 45/42g BOX",L
20085760,"ESSE CHANGE, ROKOK FILTER GRAPE 20'S BKS",blank
20024306,"MAMY POKO, PANTS ROYAL SOFT BOYS 24'S  EXTRALARGE BAG",blank
20057730,"TIC TIC, SNACK CRUNCHY STICK BAWANG 70g PCK",L
20069844,"OISHI, SNACK POPCORN COKLAT 100g PCH",blank
20052630,"LOTTE, CHOCO PIE MARSMALLOW (6'S)  168/156g BOX",L
20025002,"GARNIER, BRIGHT COMPLETE VIT C FACIAL WASH 100mL TUB",S
20091440,"CLEAR, SHAMPOO ANTI DANDRUFF MENTHOL SEGAR 160mL BTL",L
20094164,"MIZONE, ACTIVE MINUMAN ISOTONIK LYCHEE 500mL BTL",L
20073871,"MAMASUKA, RUMPUT LAUT PANGGANG (NORI) PEDAS 2x4.5g PCK",L
20048021,"GUDANG GARAM, ROKOK FILTER SIGNATURE  12'S BKS",S
20023148,"DUA KELINCI, SNACK PILUS TIC TAC SAPI PANGGANG 90/80g PCK",L
20129966,"NIPIS MADU, MINUMAN BERKARBONASI LIME SODA 330mL BTL",D
20086422,"GILLETTE, RAZOR BLUE II FLEXI PLUS 3+1'S   PCK",L
10004067,"MAMA LEMON, CAIRAN PENCUCI PIRING REFILL EKSTRAK LEMON 780/680mL PCH",S
20052043,"GARNIER, MEN ACNO FIGHT WASABI FOAM  100mL TUB",L
20075951,"MAKARIZO, HAIR ENERGY SCENTSATIONS MORNING DEW 100ml BTL",L
20016624,"STT, FRENCH FRIES 2000 PREMIUM  24g PCK",S
20129102,"OATSIDE, OAT MILK BARISTA BLEND 200ml TPK",S
10003842,"CAP BADAK, LARUTAN PENYEGAR JAMBU 320mL KLG",S
20047323,"SGM ANANDA 1, FORMULA BAYI BUBUK 0-6 BULAN 600g BOX",S
20042206,"S-26 PROMISEGLD, SUSU BUBUK PERTUMBUHAN 4 VANILLA (NEW) 900g KLG",blank
20129123,"OATSIDE, OAT MILK CHOCOLATE 200ml TPK",S
10010094,"SAMPOERNA, ROKOK KRETEK (PCS) HIJAU 12'S BKS",D
10035030,"DJARUM, ROKOK FILTER 16'S BLACK CAPPUCINO  BKS",L
20048155,"PUCUK HARUM, MINUMAN TEH LESS SUGAR 350mL BTL",L
20129130,"AZARINE, HYDRASOOTHE SUNSCREEN GEL SPF 45 PA++++ 30ml TUB",L
20054589,"TIGA SAPI, KREMER KENTAL MANIS  490g KLG",S
20119437,"POTABEE, SNACK POTATO CHIPS BEEF BBQ 120GR PCK",L
20053651,"GARNIER, MEN TURBO BRIGHT SUPER DUO FOAM 100mL TUB",L
20083934,"KOJIESAN, SKIN LIGHTENING SOAP  65g BAR",L
20095875,"MAMY POKO, PANTS STANDAR 28'S TIDAK GEMBUNG LARGE PCK",S
20067200,"BUAVITA, JUICE (79367) NEW GUAVA 1000mL TPK",blank
20122091,"KAHF, FACE SCRUB GENTLE EXFOLTNG 100mL TUB",blank
20040702,"PEPSODENT, PASTA GIGI FRESH COOL MINT  190g TUB",S
20106050,"CHARM, PANTY LINERS 32'S COOLING FRESH  PCK",blank
20067449,"GLOW & LOVELY, MULTIVITAMIN FACIAL FOAM 39484  100g TUB",S
10014168,"NICE, FACIAL TISSUE BELI 1 GRATIS 1 SOFTPACK 2 PLY 2x200'S BDD",L
20129762,"TWIZZ, ROKOK FILTER ROYAL CRUSH 12'S BKS",S
20093913,"LIFREE, PANTS LIGHT 8'S  LARGE BAG",L
20124850,"VAPE, OBAT NYAMUK SPRAY FUMAKILLA SWEET POWDER 600mL KLG",blank
20019930,"INDOMIE, MIE GORENG RENDANG 91g PCK",S
20098173,"NESTLE BATITA3+, /DATITA3+ SUSU PERTUMBUHAN MADU 850g BOX",blank
20052425,"SALONPAS, KOYO PEREDA NYERI  10x2'S PCK",L
20058306,"PRO CHIZ, KEJU GOLD  170/160g BOX",L
20062254,"LACTOGROW 4, SUSU BUBUK PERTUMBUHAN MADU 735g BOX",blank
20004117,"CHITATO, SNACK POTATO CHIPS SAPI PANGGANG 168g PCK",blank
10038881,"TROPICAL, MINYAK GORENG  1000mL BTL",L
10025846,"NUTRICIA, NUTRILON 2/ NUTRIBABY 2 ROYAL 400g BOX",blank
20118537,"PEPSODENT, PASTA GIGI WHITE  120+30g TUB",L
20025762,"PIATTOS, SNACK KENTANG SAPI PANGGANG 70/68g PCK",blank
20070688,"LIFREE, POPOK CELANA EXTRA 6'S  EXTRALARGE BAG",blank
20128060,"GLOW & LOVELY, BODY WASH MULTIVITAMIN  400mL PCH",L
20035629,"BEBELAC 3, SUSU PERTUMBUHAN FOS & GOS VANILA 400g BOX",S
20055311,"NABATI RICHEESE, WAFER KRIM KEJU 127/122g PCK",L
20131370,"SAMPOERNA, ROKOK FILTER SPLASH ROYAL 16'S BKS",S
20019597,"MILO, HEALTY DRINK UHT ACTIV-GO 180mL TPK",S
10008887,"ULTRA, JUICE (SLIM) KACANG HIJAU 250mL TPK",S
20037607,"MILO, HEALTY DRINK NUTRIUP 220mL KLG",L
20021391,"MAMY POKO, PANTS STANDAR 20'S  MEDIUM PCK",blank
20084821,"FORTE, ROKOK FILTER MENTHOL 20'S BKS",blank
20024908,"NUTRICIA, NUTRILON ROYAL 3 MADU 400g BOX",blank
20029770,"NUTRICIA, NUTRILON 1/ NUTRIBABY 1 ROYAL 400g BOX",blank
20060386,"GIV, BODY WASH GLOWING WHITE MULBERY&COLAGEN 450/400mL PCH",S
20035636,"BEBELAC 4, SUSU PERTUMBUHAN FOS & GOS MADU 800g KLG",blank
20034079,"FRISIAN FLAG, SUSU CAIR UHT COKELAT 225mL TPK",D
20008785,"CLUB, AIR MINERAL  1500mL BTL",L
20035678,"S-26 PROCAL, SUSU BUBUK PERTUMBUHAN 3 VANILLA 700g BOX",blank
20114051,"HEAD &SHOULDERS, SHAMPOO A/D ANTI GATAL 160mL BTL",blank
20087464,"INDOMARET, PEWANGI PAKAIAN PINK PASSION 900mL PCH",blank
20119448,"SKRINEER, MASKER DUCKBILL 4PLY 5+2  5'S PCK",T
20072194,"MR.HOTTEST, SNACK TORTILLA CHIPS MAITOS SAMBAL BALADO 140g PCK",blank
10008825,"ULTRA, SUSU UHT STERIL COKLAT 125mL TPK",L
20021029,"QTELA, KERIPIK SINGKONG BALADO 185/180g PCK",L
20075943,"MAKARIZO, HAIR ENERGY FIBER/T SHAMPOO ALOE & MELON 170mL BTL",blank
20099571,"CIMORY, FRESH MILK UHT CHOCOLATE 250mL TPK",S
20100889,"DUNHILL, ROKOK FINE CUT FILTER  12'S BKS",L
20040312,"SGM ANANDA 2, FORMULA BAYI BUBUK 6 -12 BULAN 400g BOX",S
20016809,"HI-COOK, BUTANE FUEL CARTRIDGE  230g KLG",blank
20056193,"GOOD DAY, COFFEE DRINK AVOCADO DELIGHT 250mL BTL",S
20054917,"ELLIPS, HAIR VITAMIN PRO-KERATIN HAIR REPAIR 6X1mL PCK",blank
20080360,"DOWNY, SOFTENER MYSTIQUE 680/650mL PCH",blank
20112835,"DAIA, DETERGENT BUBUK HIJAB CLEAN & FRESH 850/800g BAG",blank
20076573,"NEXTAR, CHOCO BROWNIES 8X12G  8x11.25g BOX",L
20067244,"SUNSILK, SHAMPOO CO-CREATIONS SOFT & SMOOTH 170/160mL BTL",L
20000071,"INDOMARET, FACIAL COTTON  35g PCK",L
20012681,"QTELA, KERIPIK SINGKONG BARBEQUE 185/180g PCK",L
10026500,"DUA KELINCI, KACANG KULIT BAWANG PUTIH 200/180g PCK",blank
20045673,"GOOD DAY, COFFEE DRINK TIRAMISU BLISS 250mL BTL",S
20111641,"BETTER, SANDWICH BISCUIT VANILLA 120/100g PCK",blank
20113101,"ROYALE, SOFTENER SWEET FLORAL 800/720mL PCH",blank
20121364,"SO SOFT, DETERJEN CAIR SWEET BOUQUET/ SAKURA BLOSSOM 750/700ml BTL",L
20108875,"LIFREE, PANTS LIGHT 10'S  MEDIUM BAG",blank
20086168,"GLICO, BISCUIT POCKY COOKIES & CREAM 40g BOX",L
10007379,"ULTRA, SUSU UHT STERIL SLIM PLAIN 200mL TPK",L
20042632,"INDOMARET, SNACK KACANG ATOM PEDAS 140g PCK",blank
20113913,"MY BABY, WIPES ANTI BACTERIAL  2x50'S PCK",blank
20083937,"SWEETY, SILVER PANTS 26/24'S  EXTRALARGE BAG",blank
20107248,"ESSE CAFE, ROKOK FILTER  20'S BKS",blank
20093135,"BENG-BENG, WAFER CHOCOLATE SHARE IT 10'S  95g PCH",L
20128233,"NU, MINUMAN CHOCO TEA HAZELTEA 330mL BTL",blank
20084152,"LIFEBUOY, SABUN MANDI CAIR REFILL MILD CARE 850/825mL PCH",blank
20074152,"VAPE, OBAT NYAMUK SPRAY FUMAKILLA SAKURA BLOSSOM 600mL KLG",blank
20096153,"PEPSODENT, TRAVEL KIT   PCS",L
10029632,"STELLA, AIR FRESHENER ALAT MATIC   PCS",blank
20130653,"SHINZU'I, BODY CLEANSER SKIN LIGHTENING SAKURA 400mL PCH",L
20079510,"YUPI, CANDY GUMMY BREAKFAST  95g PCK",blank
20115145,"LIFEBUOY, SABUN MANDI CAIR REFILL JPN SHISO&MNRAL 450/400mL PCH",blank
20095874,"MAMY POKO, PANTS STANDAR 30'S TIDAK GEMBUNG MEDIUM PCK",L
20078207,"GMP, GULA PASIR  1kg PCK",E
20128470,"CAMEL, ROKOK FILTER OPTION PURPLE  16'S BKS",T
20084162,"GUDANG GARAM, ROKOK FILTER SURYA COKLAT 12'S BKS",D
20094283,"INDOMILK, KENTAL MANIS PUTIH 545g PCH",E
10021010,"GULAKU, GULA TEBU (PUTIH) PREMIUM 1000g PCK",D
10008819,"BANGO, KECAP MANIS REFILL 10050/10034  550/520mL PCH",D
20092710,"INDOMARET, BERAS PULEN WANGI PREMIUM  5kg SAK",blank
20102167,"DIPLOMAT, ROKOK EVO  16'S BKS",blank
20114049,"CAMEL, ROKOK FILTER OPTION YELLOW  12'S BKS",S
10002560,"INDOMIE, MIE INSTANT SOTO MIE 70g PCK",E
10010083,"DJARUM, ROKOK KRETEK COKLAT (PCS)  12'S BKS",blank
20125676,"DJI SAM SOE, ROKOK FILTER MAGNUM EDISI BINTANG 12'S BKS",blank
20095302,"JUARA, ROKOK KRETEK 12'S TEH MANIS  BKS",T
20107794,"DJI SAM SOE, ROKOK KRETEK EDISI KHUSUS 12'S BKS",S
10000652,"INDOMIE, MIE INSTANT AYAM BAWANG 69g PCK",D
20070447,"ESSE, ROKOK FILTER BERRY POP  16'S BKS",T
20040340,"SGM ANANDA 1, FORMULA BAYI BUBUK 0-6 BULAN 400g BOX",D
20043039,"BEBELAC 3, SUSU PERTUMBUHAN FOS & GOS MADU 200g BOX",S
20128415,"MEDIUM/SPHP, BERAS  5KG SAK",blank
10005315,"SGM ANANDA 1, FORMULA BAYI BUBUK 0-6 BULAN 150g BOX",S
20104077,"SEDAAP, KECAP MANIS SPECIAL  520mL/728g PCH",S
10038932,"KAPAL API, KOPI BUBUK SPECIAL MIX 10X24/23g PCK",D
20116410,"CHIKI, SNACK TWIST ROASTED CORN 75g PCK",S
20045421,"MAMY POKO, PANTS STANDAR 24'S  XXL PCK",S
10026038,"SGM EKSPLOR 1+, PRO-GRESSMAXX SUSU PERTUMBUHAN MADU 150g BOX",S
10000690,"FANTA, SOFT DRINK STRAWBERRY 1500mL PET",S
20109597,"SAMPOERNA, ROKOK FILTER SPLASH TROPICAL 12'S BKS",L
20037153,"KAKI TIGA, LARUTAN PENYEGAR PUTIH 500mL BTL",S
10010077,"GUDANG GARAM, ROKOK FILTER SURYA PRO 16'S   BKS",L
20002897,"INDOMARET, BERAS SUPER PANDAN WANGI  5kg SAK",blank
20046315,"MINUTE MAID, JUICE NUTRIBOOST STRAWBERRY 300mL BTL",S
20052782,"GARNIER, SKIN NAT.SAKURA GLOW HYALURON FACE WASH 100mL TUB",L
20040575,"SGM EKSPLOR 1+, PRO-GRESSMAXX SUSU PERTUMBUHAN VANILA 150g BOX",S
20033460,"DJARUM, ROKOK KRETEK COKLAT EXTRA12'S   BKS",blank
20113377,"FLORIDINA, JUICE PULP COCO BIT  350mL BTL",S
20130634,"DJARUM 76, ROKOK SIGARET KRETEK MANGGA 12'S BKS",D
20122885,"DJI SAM SOE, ROKOK KRETEK ELITE 12'S BKS",blank
20092331,"EKONOMI, PENCUCI PIRING POWER LIQUID JERUK NIPIS 755/650mL PCH",S
10005198,"HIT, INSEKTISIDA SPRAY ORANGE 600mL KLG",S
10033567,"BINTANG ZERO, SOFT DRINK  330mL KLG",S
20128089,"TEREA, STICK TEMBAKAU YUGEN 20x6.3g BKS",blank
20112781,"ESSE CHANGE, ROKOK FILTER JUICY 16'S BKS",T
10005909,"INDOMILK, SUSU CAIR UHT PLAIN 950mL TPK",S
20116112,"MAXICORN, SNACK BARBECUE 150/140g PCK",S
20130152,"LEMONILO, BROWNIES CRISPY CHOCOCHIPS 35g PCH",S
20128850,"LARISST, BERAS PREMIUM  2.5kg SAK",blank
10014528,"DJARUM, ROKOK FILTER (PCS) BLACK 16'S BKS",L
20126488,"DJARUM KING, ROKOK FILTER  12'S BKS",L
20040302,"SGM EKSPLOR 3+, PRO-GRESSMAXX SUSU PERTUMBUHAN MADU 400g BOX",S
20095876,"MAMY POKO, PANTS STANDAR 23'S TIDAK GEMBUNG EXTRALARGE PCK",S
20106381,"VIDORAN XMART3+, SUSU PERTUMBUHAN MADU 925g BOX",S
20108797,"WIN, ROKOK FILTER BOLD 20'S   BKS",T
20129109,"CIMORY, FRESH MILK UHT CHOCO TIRAMISU 250mL TPK",L
20113180,"MILO, HEALTY DRINK UHT COKLAT 4x110mL BDD",L
20057224,"BEBELOVE 1, SUSU BUBUK INFANT FORMULA  200g BOX",S
20021571,"ANLENE GOLD, 5X SUSU BUBUK HI-CALCIUM VANILA 620/600g BOX",S
20034078,"FRISIAN FLAG, SUSU CAIR UHT STROBERI 225mL TPK",L
20054151,"HIT, INSEKTISIDA SPRAY LILY BLOSSOM 600mL KLG",L
10010082,"DJARUM SUPER, ROKOK FILTER (PCS)  16'S BKS",L
20070110,"VIDORAN XMART1+, SUSU PERTUMBUHAN MADU 700g BOX",S
20107748,"MILKU, SUSU UHT COKELAT PREMIUM 200mL BTL",S
10005279,"SGM ANANDA 2, FORMULA BAYI BUBUK 6 -12 BULAN 150g BOX",S
20048847,"INDOMARET, FACIAL TISSUE NON PERFUMED 900g BAG",blank
20114494,"NESCAFE, COFFEE DRINK CRMEL MACCHIATO 220mL KLG",S
20013433,"INDOMILK, SUSU KENTAL MANIS PUTIH 6X37g PCK",S
20087019,"BEBELAC 4, SUSU PERTUMBUHAN HIQ-EQ MADU 1000g BOX",S
20088715,"HIT, INSEKTISIDA SPRAY LILY BLOSSOM 400mL KLG",L
20095744,"HIT, ANTI NYAMUK REFILL EXPERT FRESH 35ml BOX",L
20087580,"ENTRASOL GOLD, SUSU BUBUK VANILA 2x290g BOX",L
20002133,"INDOMARET, COTTON BUDS REFFIL 100'S BABY  PCK",L
10014263,"WIPOL, KARBOL WANGI CEMARA 780/750mL PCH",S
20101378,"KODOMO, BABY WIPES RICE MILK PINK 2x50'S PCK",S
20053540,"ADEM SARI, CHING KU LEMON 350mL BTL",L
20000787,"NESCAFE, ICE COFFEE ORIGINAL 220mL KLG",L
20120855,"INDOMILK, KENTAL MANIS SWISS CHOCO 545g PCH",S
20065463,"CONFIDENCE, ADULT DIAPERS CLASIC NIGHT 7'S  LARGE BAG",L
20108881,"GENKI, MOKO MOKO PANTS 34/32+2'S  MEDIUM BAG",L
20125783,"CAP ENAK, KRIMER KENTAL MANIS PUTIH 545g PCH",S
20014954,"NESCAFE, ICE COFFEE MOCHA 220mL KLG",L
20032503,"MINUTE MAID, JUICE PULPY ORANGE 1L BTL",L
10000104,"REGAL, MARIE  120g PCK",S
10000279,"SWALLOW, TOILET COLOUR BALL S-109 (5'S)   PCK",L
20091183,"FRISIAN FLAG, SUSU CAIR UHT MILKY STRAWBERRY 6x115mL BDD",L
20071642,"ADEM SARI, CHING KU SPARKLING 320mL KLG",L
10010350,"FRISIAN FLAG 1+, SUSU BUBUK PERTUMBUHAN VANILA 750g BOX",S
10010351,"FRISIAN FLAG 1+, SUSU BUBUK PERTUMBUHAN MADU 750g BOX",S
10000975,"POP MIE, MI INSTAN AYAM 75g CUP",L
20112785,"ESSE CHANGE, ROKOK FILTER APPLEMINT 16'S BKS",T
20002313,"FRISIAN FLAG, KRIMER KENTAL MANIS OMELA  370g KLG",S
20040276,"ADEM SARI, CHING KU LEMON 320mL KLG",L
20045528,"BEBELOVE 2, SUSU FORMULA LANJUTAN  200g BOX",S
20084481,"POP MIE, MI INSTAN PEDES DOWER AYAM 75g CUP",L
20024856,"TAO KAE NOI, CRISPY SEAWEED BIG SHEET CLASSIC 4/3.2g PCK",L
20022498,"HIT, INSEKTISIDA SPRAY ORANGE 400mL KLG",L
10009493,"DANCOW FORTIGRO, SUSU BUBUK COKELAT 390g BOX",L
20017575,"NESCAFE, KOPI INSTANT CLASSIC  10X2g PCK",L
20043877,"FLORIDINA, JUICE PULP ORANGE 350mL BTL",L
10004048,"PEPSODENT, PASTA GIGI WHITE  75g TUB",L
20021324,"LAURIER, PEMBALUT 12'S RELAX NIGHT 35cm BAG",L
20122288,"BEBELAC 3, SUSU PERTUMBUHAN GROGREAT+ VANILA 620g BOX",blank
20116110,"MAXICORN, SNACK ROASTED CORN 150/140g PCK",S
20087024,"SGM EKSPLOR 3+, PRO-GRESSMAXX SUSU PERTUMBUHAN MADU 600g BOX",L
20017043,"CHARM, PEMBALUT SAFE NIGHT 8/7'S WING 42cm PCK",L
20083489,"SWEETY, BRONZE PANTS BABY 36+2'S  SMALL BAG",L
10037405,"CAP LANG, MINYAK KAYU PUTIH  30mL BTL",L
10005073,"BLUE BAND, MARGARINE SERBAGUNA (35622)  200g PCK",L
10008095,"ULTRA, SUSU UHT STERIL SLIM STRAWBERRY 200mL TPK",L
10026501,"DUA KELINCI, KACANG SUKRO  100/95g PCK",L
20085444,"GAGA, MIE GORENG 100 EXTRA PEDAS JALAPENO 85gr PCK",L
20069547,"INDOMARET, DIAPERS ADULT 7'S LEAK GUARD LARGE BAG",L
20044334,"SOSRO, TEH BOTOL (KOTAK)  330mL TPK",L
20014071,"FRISIAN FLAG, SUSU CAIR UHT CHOCOLATE 946mL TPK",L
10001826,"KHONG GUAN, CRACKERS SALTCHEESE REGULAR 200g PCK",L
20036590,"LUWAK, WHITE KOFFIE ORIGINAL  10X20g PCK",L
20095218,"SAMPOERNA, ROKOK FILTER SPLASH SUNNY 16'S BKS",L
20035963,"GEO, ROKOK FILTER MILD  16'S BKS",blank
20033689,"IN MILD, ROKOK KRETEK FILTER  16'S BKS",blank
20087018,"BEBELAC 4, SUSU PERTUMBUHAN HIQ-EQ VANILLA 1000g BOX",blank
20029372,"CHARM, PEMBALUT BODY FIT 30/28'S EXT.MAXI WING 23cm PCK",L
10005599,"SEGITIGA BIRU, TEPUNG TERIGU  1000g PCK",L
20103661,"BULL, ROKOK KRETEK FILTER  20'S BKS",blank
20052629,"INDOMARET, AIR MINUM DENGAN OKSIGEN SPORTY 600mL BTL",L
20104405,"FITTI, PANTS 32'S  MEDIUM BAG",L
20090042,"VIDORAN XMART1+, SUSU PERTUMBUHAN VANILA 700g BOX",L
10010080,"GUDANG GARAM, ROKOK KRETEK SOFTPACK (PCS)  12'S BKS",L
20124789,"NIVEA, BODY SERUM SUPER 10 VITAMIN NIACINAMIDE 180ml TUB",L
10003627,"CAP BADAK, LARUTAN PENYEGAR ORANGE 320mL KLG",L
20122278,"SOSRO, TEH BOTOL LESS SUGAR JASMINE TEA 350mL BTL",L
20027448,"TANGO, WAFER CHOCOLATE 120/110g PCK",L
20124625,"FRISIAN FLAG, SUSU CAIR JUNIO COKELAT 6x110mL BDD",T
20114735,"ESSE, ROKOK FILTER BERRY POP  12'S BKS",T