PLU,NAME 
10010091,"SAMPOERNA, ROKOK FILTER MILD (PCS) MERAH 16'S BKS"
20025487,"INDOMARET, BERAS RAMOS SUPER  5kg SAK"
20042991,"INDOMARET, GULA PASIR PREMIUM PUTIH 1kg PCK"
20052296,"INDOMARET, GULA PASIR PREMIUM KUNING 1kg PCK"
10008989,"BIMOLI, MINYAK GORENG (REFILL)  2000mL PCH"
20090009,"SANIA, BERAS PREMIUM  5kg SAK"
10005838,"FILMA, MINYAK GORENG REFILL  2000mL PCH"
20100795,"ESSE CHANGE, ROKOK FILTER DOUBLE 20'S BKS"
20069208,"LE MINERALE, AIR MINERAL  600mL BTL"
20045854,"PSM, GULA PREMIUM  1kg PCK"
20080198,"LARISST, BERAS KEPALA SUPER  5kg SAK"
20062125,"L A, ROKOK FILTER BOLD  20'S BKS"
20040293,"SGM EKSPLOR 1+, PRO-GRESSMAXX SUSU PERTUMBUHAN VANILA 900g BOX"
20120993,"HARUMAS, MINYAK GORENG  2L PCH"
10010075,"GUDANG GARAM, ROKOK FILTER SURYA (PCS)  16'S BKS"
20070618,"MARLBORO, ROKOK FILTER BLACK 20'S BKS"
20040294,"SGM EKSPLOR 1+, PRO-GRESSMAXX SUSU PERTUMBUHAN MADU 900g BOX"
20085988,"LE MINERALE, AIR MINERAL  1500mL BTL"
20124037,"L A, ROKOK FILTER ICE PURPLE BOOST 16'S BKS"
10004906,"BEAR BRAND, SUSU ENCER STERIL  189mL KLG"
10005482,"SUNLIGHT, PENCUCI PIRING NEW REF LIME 700/650mL PCH"
20119956,"INDOMARET, BERAS KEPALA SUPER PREMIUM  5Kg SAK"
10003814,"AQUA, AIR MINERAL  600mL BTL"
10003517,"INDOMIE, MIE GORENG PLUS SPECIAL 80g PCK"
10003974,"TROPICAL, MINYAK GORENG  2000mL BTL"
10010100,"MARLBORO, ROKOK FILTER HARDPACK (PCS)  20'S BKS"
20120992,"CAMAR, MINYAK GORENG  2L PCH"
10030733,"DJI SAM SOE, ROKOK KRETEK SUPER PREMIUM 12'S BKS"
20064088,"SAMPOERNA, KRETEK SLIMS AVOLUTION  20'S BKS"
20035484,"PUCUK HARUM, MINUMAN TEH MELATI 350mL BTL"
20068905,"FRISIAN FLAG, SUSU KENTAL MANIS PUTIH 545g PCH"
20060300,"CAMEL, ROKOK FILTER ACTIVATE PURPLE MINT 20'S BKS"
20040298,"SGM ANANDA 2, FORMULA BAYI BUBUK 6 -12 BULAN 1000g BOX"
10000426,"AQUA, AIR MINERAL  1500mL BTL"
10004669,"ULTRA, SUSU UHT STERIL SLIM CHOCOLATE 250mL TPK"
10010074,"GUDANG GARAM, ROKOK FILTER SURYA (PCS) MERAH 12'S BKS"
10012338,"BIMOLI, MINYAK GORENG (REFILL)  1000mL PCH"
10000181,"BIMOLI, MINYAK GORENG  5000mL DRG"
20079512,"SAMPOERNA, ROKOK FILTER MILD (PCS) MENTHOL BURST 16'S BKS"
20009737,"YOU C1000, HEALTH DRINK VITAMIN ORANGE 140mL BTL"
20094171,"INDOMARET, AIR MINUM 24X  220/200mL CTN"
20057444,"KINDER JOY, CHOCOLATE CRISPY GIRL 20g PCS"
20057442,"KINDER JOY, CHOCOLATE CRISPY BOYS 20g PCS"
10033572,"PEDIASURE, TRIPLESURE VANILA 850g KLG"
20039178,"DUNHILL, ROKOK FINE CUT MILD  20'S BKS"
20040296,"SGM EKSPLOR 3+, PRO-GRESSMAXX SUSU PERTUMBUHAN MADU 900g BOX"
10000405,"ULTRA, SUSU CAIR UHT STERIL PLAIN 1000mL TPK"
20070711,"MERRIES, PANTS GOOD SKIN 34/32+2'S  MEDIUM BAG"
20003910,"NISSIN, WALENS CHOCO SOES  100g PCK"
20076768,"ROSE BRAND, GULA PASIR KUNING 1Kg PCK"
20095217,"SAMPOERNA, ROKOK FILTER SPLASH TROPICAL 16'S BKS"
20057867,"HYDRO COCO, NATURAL HEALTH DRINK  500mL TPK"
20070712,"MERRIES, PANTS GOOD SKIN 30/28+2'S  LARGE BAG"
10010805,"SANIA, MINYAK GORENG REFILL  2000mL PCH"
20040295,"SGM EKSPLOR 3+, PRO-GRESSMAXX SUSU PERTUMBUHAN VANILA 900g BOX"
20024699,"STT, FRENCH FRIES 2000 PREMIUM  62g PCK"
20096502,"CAMEL, ROKOK FILTER YELLOW 20'S BKS"
20055060,"DUNHILL, ROKOK FINE CUT FILTER  16'S BKS"
10012753,"BIMOLI, MINYAK GORENG SPECIAL REFILL  2000mL PCH"
20124726,"INDOMARET, FACIAL TISSUE 2 PLY (2+1)  3x180'S BDD"
10000713,"INDOMIE, MIE INSTANT KALDU AYAM 75g PCK"
10010102,"MARLBORO, ROKOK FILTER (PCS) LIGHT 20'S BKS"
20091352,"DAIA, DETERGENT BUBUK+SOFTENER VIOLET/VIO PASS 1.7/1.6kg PCK"
20043713,"INDOMARET, MINYAK GORENG  2L PCH"
20008798,"SILVER QUEEN, CHOCOLATE CHUNKY BAR CASHEW 100/95g PCK"
20013298,"FRUIT CANDY, HAPPY TOY  8g PCS"
20092521,"SWEETY, SILVER PANTS 28/26'S  LARGE BAG"
20116670,"CHITATO LITE, SNACK POTATO NORI SEAWEED 68g PCK"
10035030,"DJARUM, ROKOK FILTER 16'S BLACK CAPPUCINO  BKS"
20107189,"SAMPOERNA, ROKOK FILTER MILD MERAH SPECIAL EDITION 16'S BKS"
20019674,"YOU C1000, ISOTONIC DRINK ORANGE WATER 500mL BTL"
20077483,"MERRIES, PANTS GOOD SKIN 26'S  EXTRALARGE BAG"
10010112,"LUCKY STRIKE, ROKOK FILTER (PCS)  20'S BKS"
10036640,"ULTRA, TEH KOTAK JASMINE TEA 200/300mL TPK"
20046794,"CAMEL, ROKOK FILTER WHITE 20'S BKS"
20065379,"SGM SOYA 1+, EKSPLOR PRO-GRESSMAXX VANILA 700g BOX"
20094203,"ESSE CHANGE, ROKOK FILTER JUICY 20'S BKS"
10002101,"HAPPYTOS, SNACK TORTILA CHIPS MERAH 160/140g PCK"
20009722,"POCARI SWEAT, MINUMAN ISOTONIK  500mL BTL"
20052321,"DAIA, DETERGENT BUBUK+SOFTENER PINK/RMNTC PINK 1.7/1.6kg PCK"
20124402,"MORINAGACHILKID, SOYA SUSU PERTUMBUHAN 3 VANILA 600g BOX"
20108549,"SENSI MASK, DUCKBILL FACE MASK 6'S   PCK"
20043389,"MARLBORO, ROKOK FILTER ICE BLAST / ICE BURST 20'S BKS"
20092520,"SWEETY, SILVER PANTS 30/28'S  MEDIUM BAG"
20040297,"SGM ANANDA 1, FORMULA BAYI BUBUK 0-6 BULAN 1000g BOX"
10004668,"ULTRA, SUSU UHT STERIL SLIM STRAWBERRY 250mL TPK"
20126648,"LE MINERALE, AIR MINERAL  6x330mL BDD"
20064913,"INDOMARET, FACIAL TISSUE NON PERFUMED SOPANUSA 900g BAG"
20120493,"CAMAR, MINYAK GORENG  1L PCH"
20113567,"GENTLE GEN, DETERJEN CAIR MORNING BREEZE 750/700ml BTL"
10004337,"INDOMARET, AIR MINERAL  1500mL BTL"
20014399,"MORINAGACHILKID, SUSU PERTUMBUHAN DHA 3 VANILA 800g BOX"
10003800,"INDOMIE, MIE GORENG JUMBO SPECIAL 129g PCK"
10007970,"BUAVITA, JUICE SLIM (82314) JAMBU 245mL TPK"
10010090,"SAMPOERNA, ROKOK FILTER MILD (PCS) MERAH 12'S BKS"
20069147,"BEBELAC 3, SUSU PERTUMBUHAN VANILA 1000g BOX"
20091225,"OVALTINE, CHOCOLATE MALT BISCUIT  130/104g PCK"
20005529,"NESTLE, AIR MINERAL PURE LIFE 600mL BTL"
20129689,"CRYSTAL, ROKOK FILTER CAFFE LATTE 12'S BKS"
20095888,"SILVER QUEEN, WHITE CHOCOLATE CHUNKY BAR CASHEW 100/95g PCK"
20113450,"ICHITAN, MINUMAN BROWN SUGAR MILK  300mL BTL"
20014400,"MORINAGACHILKID, SUSU PERTUMBUHAN DHA 3 MADU 800g BOX"
10015698,"MILO, CHOCOLATE NUGGETS  25g PCK"
20103718,"TUJUH KURMA, SUSU STERIL KURMA  189mL KLG"
20039728,"SHINZU'I, BODY CLEANSER SKIN LIGHTENING KIREI 420/400mL PCH"
10036987,"SILVER QUEEN, CHOCOLATE CASHEW 62/58g PCK"
20116675,"CHITATO LITE, SNACK POTATO NORI SEAWEED 120g PCK"
20073638,"SWEETY, BRONZE PANTS 34/32S  MEDIUM PCK"
20027167,"INDOMARET, FACIAL TISSUE NON PERFUMED 400g PCK"
20020128,"NICE, FACIAL TISSUE 250'S NON PERFUMED  BAG"
20022908,"SILVER QUEEN, CHOCOLATE CHUNKY BAR ALMOND 100/95g PCK"
20069146,"BEBELAC 3, SUSU PERTUMBUHAN MADU 1000g BOX"
20104000,"INDOMARET, KACANG ALMOND  70g PCH"
20065041,"PORORO, MINUMAN BERPERISA BLUEBERRY 235mL BTL"
20045422,"MAMY POKO, PANTS STANDAR 30/28'S  LARGE PCK"
10004336,"INDOMARET, AIR MINERAL  600mL BTL"
20037137,"PORORO, MINUMAN BERPERISA STROBERI 235mL BTL"
10036647,"ULTRA, SUSU CAIR UHT STERIL CHOCOLATE 1000mL TPK"
20037566,"SOVIA, MINYAK GORENG  2L PCH"
20096677,"INDOMARET, SNACK SOES COKELAT 80g PCK"
20126307,"ESSE, ROKOK FILTER DOUBLE POP  16'S BKS"
10004676,"ULTRA, SUSU UHT STERIL SLIM PLAIN 250mL TPK"
20027166,"INDOMARET, FACIAL TISSUE 220'S NON PERFUMED  PCK"
20072925,"BABY HAPPY !, BABY DIAPERS PANTS 30/28'S  LARGE BAG"
20023846,"PRINGLES, POTATO CRISPS ORIGINAL 107/102g KLG"
10008550,"GOOD TIME, COOKIES CHOCOCHIPS DOUBLE CHOC 72g PCK"
20064089,"SAMPOERNA, KRETEK SLIMS AVOLUTION MENTHOL 20'S BKS"
20068906,"FRISIAN FLAG, SUSU KENTAL MANIS COKELAT 545g PCH"
20114021,"INDOMARET, FACIAL TISSUE PREMIUM 100'S   PCK"
20042207,"S-26 PROCAL GLD, SUSU BUBUK PERTUMBUHAN 3 VANILLA (NEW) 900g KLG"
20107181,"MARLBORO, ROKOK FILTER HARDPACK SPECIAL EDITION 20'S BKS"
10023789,"SEDAAP MIE, MIE INSTANT GORENG 90g PCK"
10022534,"ABC, KECAP MANIS REFFIL  520mL/685g PCH"
20112661,"ESSE, ROKOK FILTER PUNCH POP  16'S BKS"
20047324,"SGM ANANDA 2, FORMULA BAYI BUBUK 6 -12 BULAN 600g BOX"
20077508,"SGM EKSPLOR 1+, PRO-GRESSMAXX SUSU PERTUMBUHAN VANILA 600g BOX"
10024523,"CLAS MILD, ROKOK FILTER  16'S BKS"
20014069,"FRISIAN FLAG, SUSU CAIR UHT FULL CREAM 946mL TPK"
10000360,"KHONG GUAN, BISCUIT RED SEGI ASSORTED 1600g KLG"
20056977,"GARUDA, KACANG PANGGANG ROSTA BAWANG 100/95g PCK"
10010078,"GUDANG GARAM, ROKOK FILTER MERAH (PCS)  12'S BKS"
20048746,"L A, ROKOK FILTER ICE 16'S BKS"
20102790,"ABC, COFFEE DRINK MILK COFFEE 200mL BTL"
10031595,"ROMA, BISCUIT (NEW) KELAPA 300g PCK"
20045101,"KAPTEN, KOPI BUBUK  135g PCK"
20037136,"PORORO, MINUMAN BERPERISA SUSU 235mL BTL"
20098000,"GENKI, MOKO MOKO PANTS 30/28+2'S  LARGE BAG"
20045674,"GOOD DAY, COFFEE DRINK FUNTS.MOCACINNO 250mL BTL"
20121050,"DAIA, DETERGENT BUBUK HIJAB CLEAN & FRESH 1.7/1.6g BAG"
10011593,"HOT WHEELS, MOBIL BASIC ASSORTMENT  PCK"
20077499,"PRISTINE 8.6+, AIR MINERAL  600mL BTL"
20071686,"SGM SOYA 1+, EKSPLOR PRO-GRESSMAXX MADU 700g BOX"
20120496,"HARUMAS, MINYAK GORENG  1L PCH"
20047247,"AQUA, AIR MINERAL CLICK N GO  750mL BTL"
20113059,"NU, MINUMAN YOGURT TEA  450mL BTL"
20113402,"KAHF, SKIN FACE WASH ENERGZNG&BRIGHT 100mL TUB"
20045132,"ROMA, BISCUIT SARI GANDUM SANDWICH SUSU&COKELAT 115/108g PCK"
20073639,"SWEETY, BRONZE PANTS 30/28S  LARGE PCK"
20069696,"OISHI, SNACK POPCORN KARAMEL 100g PCH"
20113403,"KAHF, FACE WASH OIL & ACNE CARE 100mL TUB"
20129155,"FRUIT CANDY, MY BUDDY DONUT  8g PCS"
20074976,"PENSIL MAS, ROKOK FILTER MILD 20'S BKS"
20045423,"MAMY POKO, PANTS STANDAR 26'S  EXTRALARGE PCK"
10015652,"DANCOW 1+, SUSU BUBUK PRTCTS PROBIO VANILA 750g BOX"
20113555,"MARLBORO, ROKOK FILTER SPECIAL EDITION BLACK 20'S BKS"
10000206,"NISSIN, CRACKERS CRISPY 225/250g PCK"
20128096,"TWIZZ, ROKOK FILTER GREEN CRUSH 16'S BKS"
20117925,"CAMEL, ROKOK FILTER MILD INTENSE BLUE  16'S BKS"
10007380,"ULTRA, SUSU UHT STERIL SLIM COKLAT 200mL TPK"
20106190,"CAMEL, ROKOK FILTER OPTION PURPLE  12'S BKS"
20098001,"GENKI, MOKO MOKO PANTS 26+2'S  EXTRALARGE BAG"
20045419,"MAMY POKO, PANTS STANDAR 34/32'S  MEDIUM PCK"
20112835,"DAIA, DETERGENT BUBUK HIJAB CLEAN & FRESH 850/800g BAG"
20076770,"GOOD DAY, COFFEE DRINK CAPPUCCINO 250mL BTL"
20093909,"REBO, KUACI MILK 150g PCH"
20055795,"ESSE CHANGE, ROKOK FILTER APPLEMINT 20'S BKS"
20018435,"HYDRO COCO, NATURAL HEALTH DRINK  250mL TPK"
20122822,"CIMORY, FRESH MILK UHT MARIE BISCUITS 250mL TPK"
20129762,"TWIZZ, ROKOK FILTER ROYAL CRUSH 12'S BKS"
10006262,"DANCOW 1+, SUSU BUBUK PRTCTS PROBIO MADU 750g BOX"
20115758,"CAMEL, ROKOK FILTER (NEW) YELLOW 20'S BKS"
20098348,"REBO, KUACI ORIGINAL 150g PCH"
20104728,"LEMONILO, CHIMI KERIPIK UBI JAGUNG BAKAR 50/45g PCK"
20112492,"SUNLIGHT, PENCUCI PIRING (NEW) LIME 460/420mL PCH"
20107180,"MARLBORO, ROKOK FILTER ICE BURST SPECIAL EDITION 20'S BKS"
10000021,"CAP ENAK, KENTAL MANIS PUTIH 370g KLG"
10035165,"KRAFT, SANDWICH OREO ORIGINAL 119.6/138g PCK"
20047217,"PEPSODENT, PASTA GIGI WHITE  225g TUB"
20055286,"LACTOGROW 3, SUSU PERTUMBUHAN MADU 735g BOX"
10038967,"NICE, FACIAL TISSUE GENUINE 553  900g PCK"
10000185,"INDOMIE, MIE INSTANT KARI AYAM 72g PCK"
10005662,"ABC, BATTERY ALKALINE AA-LR6/4'S MILLENNIUM PWR  PCK"
10005073,"BLUE BAND, MARGARINE SERBAGUNA (35622)  200g PCK"
10000213,"GLICO, BISCUIT POCKY CHOCOLATE 47g BOX"
10000442,"FORTUNE, MINYAK GORENG REFILL  2000mL PCH"
20076573,"NEXTAR, CHOCO BROWNIES 8X12G  8x11.25g BOX"
20065778,"COCA COLA, SOFT DRINK  390mL PET"
20120904,"KOPI KENANGAN, HANYA UNTUKMU COFFEE DRINK BLACK AREN 220mL BTL"
10036685,"NUTELLA, JAM SPREAD KECIL HAZELNUT 200g BTL"
20120906,"KOPI KENANGAN, HANYA UNTUKMU COFFEE DRINK MANTANCINO 220mL BTL"
20102789,"ABC, COFFEE DRINK CHOCOMALT COFFE 200mL BTL"
20030446,"DAIA, DETERGENT BUBUK PUTIH EXTRAK PEMUTIH 1.7/1.6Kg PCK"
20085054,"ICHITAN, THAI MILK TEA DRINK  300mL BTL"
20039727,"SHINZU'I, BODY CLEANSER SKIN LIGHTENING MATSU 420/400mL PCH"
10005468,"PASEO, FACIAL TISSUE SOFT PACK  250'S BAG"
20008081,"PEDIASURE, TRIPLESURE MADU 850g KLG"
20037565,"PUCUK HARUM, MINUMAN TEH MELATI 500mL BTL"
20031318,"GOOD DAY, KOPI INSTANT CAPPUCCINO W/COKLAT GRANUL 10x25g PCK"
10011850,"HEAD &SHOULDERS, SHAMPOO A/D MENTHOL DINGIN 160mL BTL"
20015838,"POCARI SWEAT, MINUMAN ISOTONIK  350mL BTL"
20004229,"SMAX, SNACK RING RASA CHEESE 50/40g PCK"
20083937,"SWEETY, SILVER PANTS 26/24'S  EXTRALARGE BAG"
20077116,"SOVIA, MINYAK GORENG  1L PCH"
20034685,"OISHI, SNACK PILLOWS CHOCOLATE 110/100g PCH"
20097515,"INDOMARET, POPCORN CARAMEL 75g PCK"
20046056,"MY BABY, MINYAK TELON PLUS  145/150mL BTL"
10001094,"CHITATO, SNACK POTATO CHIPS SAPI PANGGANG 68g PCK"
20052859,"PRINGLES, POTATO CRISPS ORIGINAL 47/42g KLG"
20107248,"ESSE CAFE, ROKOK FILTER  20'S BKS"
20119448,"SKRINEER, MASKER DUCKBILL 4PLY 5+2  5'S PCK"
20084821,"FORTE, ROKOK FILTER MENTHOL 20'S BKS"
20010655,"TANGO, WAFER CHOCOLATE 290/270g KLG"
20042370,"MAMASUKA, RUMPUT LAUT PANGGANG (NORI)  2x4.5g PCK"
20064413,"KAO ATTACK, DETERGENT POWDER JAZ 1 SEMERBAK CINTA 1.7/1.6Kg BAG"
10010804,"SANIA, MINYAK GORENG REFILL  1000mL PCH"
20057730,"TIC TIC, SNACK CRUNCHY STICK BAWANG 70g PCK"
10000425,"CAP LANG, MINYAK KAYU PUTIH  60mL BTL"
20041399,"LIFEBUOY, SABUN MANDI CAIR REFILL LEMON FRESH 450/400mL PCH"
10006957,"SELECTION, KAPAS KECANTIKAN  75g PCK"
20045924,"NIVEA, BODY SERUM EXTRA BRIGHT CARE & PROTECT 180mL TUB"
20113354,"SWEETY, BRONZE COMFORT DIAPERS 44'S  NEW BORN BAG"
20101141,"TROY, ROKOK KRETEK FILTER  20'S BKS"
20113346,"VIDORAN XMART1+, SUSU PERTUMBUHAN VANILLA 925g BOX"
10036916,"GLICO, BISCUIT POCKY STRAWBERRY 45g BOX"
10008882,"KAPAL API, KOPI BUBUK SPECIAL 165/160g PCK"
20074147,"SGM EKSPLOR 1+, PRO-GRESSMAXX SUSU PERTUMBUHAN MADU 600g BOX"
20110001,"WARDAH, UV SHIELD ESSENT SUNSCREEN GEL SPF 30/35 PA+++ 40mL PCK"
20029756,"INDOMARET, SNACK EMPING MANIS PEDAS 225g PCK"
20126490,"PEARLY PODS, BLIND PACK ASSORTMENT  PCS"
20090169,"GERY, KRAKER BERAS ASIN 10X5.6g PCK"
20039717,"CADBURY, CHOCOLATE DAIRY MILK  65/62g PCK"
20106307,"MISTER POTATO, SNACK CRISPS GHOST PEPPER 45/40g KLG"
20065779,"SPRITE, SOFT DRINK  390mL PET"
20036157,"SOSRO, TEH BOTOL JASMINE TEA 450mL BTL"
20000786,"NESCAFE, ICE COFFEE LATTE 220mL KLG"
10010084,"L A, ROKOK FILTER (PCS) LIGHT 16'S BKS"
20129108,"OATSIDE, OAT MILK COFFEE 200ml TPK"
20012007,"DAIA, DETERGENT BUBUK PUTIH  850/800g BAG"
20111156,"CHUPA CHUPS, CANDY LOLLIPOPS SURPRISE  12g PCS"
20044351,"SHINZU'I, BODY CLEANSER SKIN LIGHTENING KIREI 500/480mL BTL"
10006955,"SELECTION, KAPAS KECANTIKAN  50g PCK"
20004283,"DJI SAM SOE, ROKOK FILTER MAGNUM  12'S BKS"
10015650,"DANCOW 3+, SUSU BUBUK PRTCTS PROBIO VANILA 750g BOX"
20085760,"ESSE CHANGE, ROKOK FILTER GRAPE 20'S BKS"
10025846,"NUTRICIA, NUTRILON 2/ NUTRIBABY 2 ROYAL 400g BOX"
20034450,"MAMA LEMON, CAIRAN PENCUCI PIRING EKS. CLN JERUK NIPIS 780/680mL PCH"
20092857,"STT, FRENCH FRIES 2000 PREMIUM  138g PCK"
20055205,"TARO, SNACK NET SEAWEED 65/62g PCK"
20035627,"BEBELOVE 2, SUSU FORMULA LANJUTAN  400g BOX"
10005599,"SEGITIGA BIRU, TEPUNG TERIGU  1000g PCK"
20073377,"GARNIER, MICELLAR CLEANSING WATER PINK 125mL BTL"
10013035,"DANCOW 3+, SUSU BUBUK PRTCTS PROBIO MADU 750g BOX"
20035628,"BEBELOVE 2, SUSU FORMULA LANJUTAN  800g KLG"
20083490,"MARLBORO, ROKOK FILTER BLACK 12'S BKS"
10006260,"DANCOW FORTIGRO, SUSU BUBUK COKELAT 780g BOX"
20092067,"CADBURY, DAIRY MILK LICKABLES   PCS"
20111641,"BETTER, SANDWICH BISCUIT VANILLA 120/100g PCK"
20125542,"KAHF, TRIPLE ACTION OIL & COMEDO DEFENSE 100mL TUB"
10005660,"ABC, BATTERY ALKALINE AA-LR6/2'S MILLENNIUM PWR  PCK"
20023845,"PRINGLES, POTATO CRISPS CHEESY CHEESE 107/102g KLG"
20090696,"LACTOGROW 3, SUSU PERTUMBUHAN VANILA 735g BOX"
20035678,"S-26 PROCAL, SUSU BUBUK PERTUMBUHAN 3 VANILLA 700g BOX"
20072194,"MR.HOTTEST, SNACK TORTILLA CHIPS MAITOS SAMBAL BALADO 140g PCK"
10004335,"INDOMARET, AIR MINERAL  240/220mL CUP"
10014168,"NICE, FACIAL TISSUE BELI 1 GRATIS 1 SOFTPACK 2 PLY 2x200'S BDD"
20011008,"LIFEBUOY, SABUN MANDI CAIR REF. TOTAL10 RED 450/400mL PCH"
20034036,"PASEO SMART, FACIAL TISSUE SOFT 250S/540PLY   PCK"
20087464,"INDOMARET, PEWANGI PAKAIAN PINK PASSION 900mL PCH"
20105344,"MARLBORO, ROKOK FILTER BLACK 16'S BKS"
20019597,"MILO, HEALTY DRINK UHT ACTIV-GO 180mL TPK"
20087202,"LIFEBUOY, SABUN MANDI CAIR REFILL LEMON FRESH 850/825mL PCH"
20101102,"ICHITAN, THAI MILK GREEN TEA DRINK  300mL BTL"
20052630,"LOTTE, CHOCO PIE MARSMALLOW (6'S)  168/156g BOX"
10036957,"HAPPYTOS, SNACK TORTILA CHIPS HIJAU 160/140g PCK"
20095233,"INDOMARET, LIGHTER SOLID   PCS"
20092063,"CHITATO, SNACK POTATO CHIPS SAPI PANGGANG 120g PCK"
20035268,"INDOMIE, MIE INSTAN KHAS SUL-SEL COTO MAKASSAR 75g PCK"
20039650,"NICE, FACIAL TISSUE NON PERFUMED 2 PLY 700g BAG"
10038881,"TROPICAL, MINYAK GORENG  1000mL BTL"
20103165,"MERRIES, PANTS GOOD SKIN 40'S  SMALL/NB BAG"
10010081,"DJARUM SUPER, ROKOK FILTER  (PCS)  12'S BKS"
10025295,"DJI SAM SOE, ROKOK KRETEK (PCS)  16'S BKS"
20073640,"SWEETY, BRONZE DAY ACTIVE PANTS  26'S  EXTRALARGE BAG"
20035829,"TEBS, TEA WITH SODA  500mL BTL"
20081452,"LIFEBUOY, SABUN MANDI CAIR REF. TOTAL10 RED 850/825mL PCH"
20056219,"ETERNALPLUS, MINERAL WATER  500mL BTL"
20049919,"LUX, SABUN MANDI CAIR REFILL SOFT ROSE 450/400mL PCH"
20129102,"OATSIDE, OAT MILK BARISTA BLEND 200ml TPK"
20041164,"BLUE BAND, MARGARINE CAKE & COOKIE 88377  200g PCK"
20124289,"CHO CHO, CHOCOLATE JOY JUMBO 50g PCS"
20021392,"MAMY POKO, PANTS STANDAR 20'S  LARGE PCK"
10025848,"NUTRICIA, NUTRILON ROYAL 3 VANILLA 400g BOX"
20072249,"SOSRO, TEH BOTOL ORIGINAL 350mL BTL"
20004117,"CHITATO, SNACK POTATO CHIPS SAPI PANGGANG 168g PCK"
20042632,"INDOMARET, SNACK KACANG ATOM PEDAS 140g PCK"
20129123,"OATSIDE, OAT MILK CHOCOLATE 200ml TPK"
10035865,"LACTOGEN 1, SUSU BAYI FORMULA DHA 735g BOX"
20044093,"PRINGLES, POTATO CRISPS SOURCREAM&ONION 107/102g KLG"
10000688,"COCA COLA, SOFT DRINK PET  1500mL PET"
20037097,"SGMANANDA SOYA2, FORMULA BAYI BUBUK 6 -12 BULAN 400g BOX"
20045673,"GOOD DAY, COFFEE DRINK TIRAMISU BLISS 250mL BTL"
10000726,"ASTOR, WAFER STICK CHOCOLATE 150g BOX"
10003485,"SILVER QUEEN, CHOCOLATE ALMOND 62/58g PCK"
20014398,"MORINAGACHILMIL, SUSU LANJUTAN DHA 2  800g BOX"
20117981,"VIDORAN XMART3+, SUSU PERTUMBUHAN VANILA 925g BOX"
20045415,"KOPIKO, COFFEE LATTE 78C  240mL BTL"
20003786,"NU, MINUMAN GREEN TEA HONEY 450mL BTL"
20129931,"APOLO, WOBBLE WOBBLE ASSORTED  BOX"
10027672,"GERY, SNACK SEREAL  100g PCK"
10003653,"MORINAGA BMT 1, LACTOFERIN  400g BOX"
20064426,"TWISTKO, SNACK JAGUNG BAKAR 70g PCK"
20040312,"SGM ANANDA 2, FORMULA BAYI BUBUK 6 -12 BULAN 400g BOX"
20045784,"OISHI, SNACK SPONGE CRUNCH CHOCOLATE 110/100g PCH"
20072923,"BABY HAPPY !, BABY DIAPERS PANTS 34/32'S  MEDIUM BAG"
20113074,"MARLBORO, ROKOK KRETEK  12'S BKS"
10002350,"ABC, KECAP (TANGGUNG) MANIS 275mL BTL"
20021004,"LACTOGROW 3, SUSU PERTUMBUHAN DHA+PREBIO 1 735g BOX"
20040217,"LIFEBUOY, SABUN MANDI CAIR REFILL BLUE COOL FRESH 450/400mL PCH"
20082594,"BEBELAC GOLD 3, SUSU BUBUK VANILLA 700g BOX"
20040299,"SGM EKSPLOR 1+, PRO-GRESSMAXX SUSU PERTUMBUHAN MADU 400g BOX"
20035630,"BEBELAC 3, SUSU PERTUMBUHAN FOS & GOS VANILA 800g KLG"
20011007,"LIFEBUOY, SABUN MANDI CAIR REFILL WHITE MILD CARE 450/400mL PCH"
10023792,"SEDAAP MIE, MIE INSTANT SOTO 75g PCK"
10035871,"LACTOGEN 2, SUSU BAYI FORMULA DHA+PREBIO 1 735g BOX"
20041483,"SO KLIN, SOFTERGENT POWDER  1.8Kg BAG"
20002944,"PEPSODENT, PASTA GIGI HERBAL  190g TUB"
20042866,"GARNIER, MEN ACNO FIGHT FOAM 12-IN-1 ANTI ACNE 100mL TUB"
20036148,"SILVER QUEEN, CHOCOLATE CHUNKY BAR CASHEW 33/30g PCK"
20078998,"MAKARIZO, HAIR ENERGY SCENTSATIONS WHITE MUSK 100ml BTL"
10004487,"AQUA, AIR MINERAL  220/240mL CUP"
20066494,"SGM EKSPLOR 5+, PRO-GRESSMAXX SUSU PERTUMBUHAN MADU 900g BOX"
10010094,"SAMPOERNA, ROKOK KRETEK (PCS) HIJAU 12'S BKS"
20085010,"PORORO, MINUMAN BERPERISA MANGO 235mL BTL"
20106150,"MAMY POKO, BABY DIAPERS X-TRA KERING 44'S  NEW BORN PCK"
20034577,"SIDO MUNCUL, JAMU TOLAK ANGIN CAIR + MADU  5x15mL BOX"
10014528,"DJARUM, ROKOK FILTER (PCS) BLACK 16'S BKS"
10032310,"CHUPA CHUPS, CANDY LOLLIPOPS ASSORTED 10.5g PCS"
20128233,"NU, MINUMAN CHOCO TEA HAZELTEA 330mL BTL"
20075951,"MAKARIZO, HAIR ENERGY SCENTSATIONS MORNING DEW 100ml BTL"
10005355,"GARUDA, KACANG ATOM APC PEDAS 230/220g PCK"
20096589,"SEDAAP MIE, MIE INSTANT GORENG 5x90g PCK"
20047323,"SGM ANANDA 1, FORMULA BAYI BUBUK 0-6 BULAN 600g BOX"
20033547,"GREENFIELDS, UHT MILK LOW FAT 1000mL TPK"
20069844,"OISHI, SNACK POPCORN COKLAT 100g PCH"
20115188,"CIMORY, FRESH MILK UHT ALMOND 250mL TPK"
20099571,"CIMORY, FRESH MILK UHT CHOCOLATE 250mL TPK"
20087542,"GOLDA, COFFEE DRINK DOLCE LATTE 200mL BTL"
20122264,"CHITATO, SNACK POTATO CHIPS MI GORENG 68g PCK"
20112370,"BON CABE, SNACK MAKARONI LEVEL 15 150/135g PCK"
20021178,"MINUTE MAID, JUICE PULPY ORANGE 300mL BTL"
20016624,"STT, FRENCH FRIES 2000 PREMIUM  24g PCK"
20054750,"RINSO, DETERJEN LIQUID + MOLTO PERFUME ESSENCE 565/510mL PCH"
10000310,"ROMA, CRACKERS SWEET MALKIST  126/105g PCK"
10002560,"INDOMIE, MIE INSTANT SOTO MIE 70g PCK"
20113989,"ROMA, BISCUIT KELAPA CREAM COKELAT 189g PCK"
20040306,"S-26 PROMILGOLD, SUSU BUBUK LANJUTAN 6-12 (2) VANILA 400g KLG"
10033569,"PEDIASURE, TRIPLESURE VANILA 400g KLG"
20063288,"PASEO, FACIAL TISSUE PURE SOFT 3PLY  130'S PCK"
20096136,"EMINA, SUN BATTLE SPF 30 PA+++  60ml TUB"
10000689,"SPRITE, SOFT DRINK  1500mL PET"
20110967,"MUJIGAE, SUSU CAIR CHOCO BANANA 250mL BTL"
20023148,"DUA KELINCI, SNACK PILUS TIC TAC SAPI PANGGANG 90/80g PCK"
20041266,"PEPSODENT, PASTA GIGI ACTION 123 COMPLETE  190g TUB"
20087203,"CUSSONS, BABY WIPES BLBRY/FRSH&NRSH 2x/3x45'S PCK"
20025050,"MILO, CHOCO BAR  15g PCK"
20035632,"BEBELAC 3, SUSU PERTUMBUHAN FOS & GOS MADU 800g KLG"
20025592,"KHONG GUAN, CHOCOLATE WAFER CLASSIC  350g PCK"
20024856,"TAO KAE NOI, CRISPY SEAWEED BIG SHEET CLASSIC 4/3.2g PCK"
20124309,"SPIN MASTER, TECH DECK BASIC   PCS"
20100796,"TORABIKA, KOPI INSTANT CREAMY LATTE  10x25g PCK"
20099414,"SO KLIN, SOFTERGENT POWDER PURPLE LAVENDER 1.8Kg PCK"
20110634,"GARUDA, SNACK O'CORN SEA SALT 90/84g PCK"
20021029,"QTELA, KERIPIK SINGKONG BALADO 185/180g PCK"
20053378,"HELLO KITTY, EGG PLAYSET (3345)   PCS"
20080530,"YUPI, CANDY GUMMY BIG BURGER 32g PCK"
10039897,"YOU C1000, HEALTH DRINK VITAMIN LEMON 140mL BTL"
20034686,"OISHI, SNACK PILLOWS UBI 110/100g PCH"
20101825,"VIDORAN XMART1+, SUSU PERTUMBUHAN MADU 925g BOX"
20080360,"DOWNY, SOFTENER MYSTIQUE 680/650mL PCH"
20069701,"MEG, KEJU SERBAGUNA  165/160g BOX"
10008887,"ULTRA, JUICE (SLIM) KACANG HIJAU 250mL TPK"
20052425,"SALONPAS, KOYO PEREDA NYERI  10x2'S PCK"
20111009,"PRINGLES, POTATO CRISPS CHEESY CHEESE 42g KLG"
20026897,"TESSA, FACIAL TISSUE TP-02/260'S   PCK"
10000859,"ABC, KECAP MANIS 135mL BTL"
10006258,"DANCOW FORTIGRO, SUSU BUBUK FULL CREAM 780g BOX"
20020245,"MOLTO, PEWANGI PAKAIAN ACTIVE FRESH BLUE 820/780mL PCH"
20093135,"BENG-BENG, WAFER CHOCOLATE SHARE IT 10'S  95g PCH"
20012681,"QTELA, KERIPIK SINGKONG BARBEQUE 185/180g PCK"
20008785,"CLUB, AIR MINERAL  1500mL BTL"
20040300,"SGM EKSPLOR 1+, PRO-GRESSMAXX SUSU PERTUMBUHAN VANILA 400g BOX"
10008554,"GOOD TIME, COOKIES CHOCOCHIPS CLASSIC 72g PCK"
20114049,"CAMEL, ROKOK FILTER OPTION YELLOW  12'S BKS"
20055204,"TARO, SNACK NET POTATO BARBEQUE 65/62g PCK"
20122091,"KAHF, FACE SCRUB GENTLE EXFOLTNG 100mL TUB"
20037413,"MY BABY, MINYAK TELON PLUS  85/90mL BTL"
20108881,"GENKI, MOKO MOKO PANTS 34/32+2'S  MEDIUM BAG"
20083795,"FRISIAN FLAG, SUSU CAIR UHT MILKY CHOCO 6x115mL BDD"
10010192,"SILVER QUEEN, CHOCOLATE CASHEW 28/25g PCK"
20098227,"KAPAL API, KOPI BUBUK SPECIAL MERAH 380g PCK"
20002133,"INDOMARET, COTTON BUDS REFFIL 100'S BABY  PCK"
20070687,"LIFREE, POPOK CELANA EXTRA 10'S  MEDIUM BAG"
20086168,"GLICO, BISCUIT POCKY COOKIES & CREAM 40g BOX"
10038704,"MEIJI, BISCUIT HELLO PANDA CHOCOLATE 45/42g BOX"
20113781,"EMCO, MONSTER FLEX ASSORTED  PCS"
20040702,"PEPSODENT, PASTA GIGI FRESH COOL MINT  190g TUB"
20075632,"L A, ROKOK FILTER BOLD  12'S BKS"
10023780,"DANCOW 5+, SUSU BUBUK INST CALCI-N MADU 750g BOX"
20120877,"NUVO, SABUN KESEHATAN CAIR (MERAH) CLASSIC 900/825mL PCH"
10000341,"DUA KELINCI, KACANG GARING  375/370g PCK"
20048021,"GUDANG GARAM, ROKOK FILTER SIGNATURE  12'S BKS"
20038777,"POCARI SWEAT, MINUMAN ISOTONIK  900mL BTL"
20045418,"MAMY POKO, PANTS STANDAR 40/38'S  SMALL PCK"
20053796,"SO KLIN, SOFTERGENT POWDER PURPLE LAVENDER 770/800g PCK"
10013100,"BIMOLI, MINYAK GORENG SPECIAL REFILL  1000mL PCH"
20049799,"HEAD &SHOULDERS, SHAMPOO A/D LEMON FRESH 160mL BTL"
20114493,"NESCAFE, COFFEE DRINK LATTE 220mL KLG"
20014973,"SILVER QUEEN, CHOCOLATE CRISPY  57/55g PCK"
20089490,"GARUDA, KACANG PANGGANG ROSTA PEDAS 95/90g PCK"
20115636,"YOU C1000, HEALTH DRINK VITAMIN MANGO 140mL BTL"
20021393,"MAMY POKO, PANTS STANDAR 20'S  EXTRALARGE PCK"
20037138,"PORORO, MINUMAN BERPERISA APEL 235mL BTL"
20057923,"DAIRY CHAMP, KRIMER KENTAL MANIS PUTIH 480g KLG"
20066454,"SOSRO, FRUIT TEA BLACKCURRANT 350mL BTL"
20117107,"BANGO, KECAP MANIS REFILL  735mL PCH"
20120239,"SHINZU'I, BODY CLEANSER SKIN LIGHTENING KIREI 850/800mL PCH"
20027448,"TANGO, WAFER CHOCOLATE 120/110g PCK"
20100794,"EVANGELINE, EAU DE PARFUM BLACK SAKURA 100mL BTL"
20121456,"NESCAFE, COFFEE DRINK ICE BLACK 220mL KLG"
20112491,"SUNLIGHT, PENCUCI PIRING (NEW) LIME 1L/910ml PCH"
20104636,"CIMORY, FRESH MILK UHT CHOCO MALT 250mL TPK"
20083934,"KOJIESAN, SKIN LIGHTENING SOAP  65g BAR"
20115156,"MUJIGAE, TOPOKKI  170/180g PCK"
10026500,"DUA KELINCI, KACANG KULIT BAWANG PUTIH 200/180g PCK"
10010088,"DJI SAM SOE, ROKOK KRETEK  (PCS)  12'S BKS"
20094283,"INDOMILK, KENTAL MANIS PUTIH 545g PCH"
10007973,"BUAVITA, JUICE SLIM (82313) MANGGA 245mL TPK"
10008095,"ULTRA, SUSU UHT STERIL SLIM STRAWBERRY 200mL TPK"
20067241,"SUNSILK, SHAMPOO CO-CREATIONS BLACK SHINE 170/160mL BTL"
20104637,"CIMORY, FRESH MILK UHT CASHEW 250mL TPK"
20055312,"NABATI RICHOCO, WAFER CHOCOLATE 127/122g PCK"
20072195,"MR.HOTTEST, SNACK TORTILLA CHIPS MAITOS JAGUNG BARBEQUE 140g PCK"
20113183,"RINSO, DETERJEN POWDER + MOLTO ROSE FRESH 460/400g BAG"
20069527,"NU, MINUMAN TEH TARIK  330mL BTL"
20058306,"PRO CHIZ, KEJU GOLD  170/160g BOX"
20113180,"MILO, HEALTY DRINK UHT COKLAT 4x110mL BDD"
20067200,"BUAVITA, JUICE (79367) NEW GUAVA 1000mL TPK"
20090456,"CHUPA CHUPS, CANDY LOLLIPOPS GUMFILLED  15g PCS"
20043877,"FLORIDINA, JUICE PULP ORANGE 350mL BTL"
10002595,"KRATINGDAENG, ENERGY DRINK REGULER 150mL BTL"
10025006,"NESTLE, CEREAL BREAKFAST COMBO PACK KOKO KRUNCH 32/30g CUP"
20036031,"BEBELOVE 1, SUSU BUBUK INFANT FORMULA  800g KLG"
10005601,"CAKRA KEMBAR, TEPUNG TERIGU  1000g PCK"
20122288,"BEBELAC 3, SUSU PERTUMBUHAN GROGREAT+ VANILA 620g BOX"
10003507,"MR.P, KACANG MADU 80g PCH"
20022707,"TAO KAE NOI, CRISPY SEAWEED ORIGINAL 15g PCK"
20055311,"NABATI RICHEESE, WAFER KRIM KEJU 127/122g PCK"
20054589,"TIGA SAPI, KREMER KENTAL MANIS  490g KLG"
20009500,"KAO BIORE, BODY FOAM RELAXING AROMATIC JASMINE 450/400mL PCH"
20088670,"BRIXY, BALL CANDY   PCS"
20000071,"INDOMARET, FACIAL COTTON  35g PCK"
10036646,"ULTRA, SUSU CAIR LOW FAT 1000mL TPK"
20008748,"VAPE, LIQUID ANTI NYAMUK 45MALAM REF FRUITY FRESH 45mL BOX"
20110968,"MUJIGAE, SUSU CAIR BANANA 250mL BTL"
10014404,"MILO, HEALTY DRINK (RTD)  220mL KLG"
10000461,"MONDE, BISCUIT SERENA SNACK GOLD 50g PCK"
20115271,"MORRIS, EAU DE PARFUM TRAVEL METROPOLIS 100mL BTL"
20097390,"MAMASUKA, RUMPUT LAUT PANGGANG (NORI) BBQ 2x4.5g PCK"
20071775,"BAYGON, INSEKTISIDA SPRAY FLOWER GARDEN 600+75mL KLG"
10003569,"CLOSE UP, PASTA GIGI GEL GREEN EVER FRESH 160g TUB"
10004490,"MEIJI, BISCUIT HELLO PANDA STRAWBERRY 45/42g BOX"
20056193,"GOOD DAY, COFFEE DRINK AVOCADO DELIGHT 250mL BTL"
20113913,"MY BABY, WIPES ANTI BACTERIAL  2x50'S PCK"
20073871,"MAMASUKA, RUMPUT LAUT PANGGANG (NORI) PEDAS 2x4.5g PCK"
10004067,"MAMA LEMON, CAIRAN PENCUCI PIRING REFILL EKSTRAK LEMON 780/680mL PCH"
10004237,"CAP BADAK, LARUTAN PENYEGAR LECI 320mL KLG"
20011132,"MORINAGA SCHOOL, SUSU PERTUMBUHAN 4 VANILLA 800g BOX"
20103709,"SWEETY, SILVER PANTS BABY 18'S  XXL PCK"
20035626,"BEBELOVE 1, SUSU BUBUK INFANT FORMULA  400g BOX"
20073409,"ROMA, BISCUIT SANDWICHI CHOCOLATE 189/206g PCK"
20107794,"DJI SAM SOE, ROKOK KRETEK EDISI KHUSUS 12'S BKS"
20109969,"KOPIKO, MINUMAN KOPI SUSU LUCKY DAY 180mL BTL"
20049941,"LUX, SABUN MANDI CAIR REFILL MAGICAL ORCHID 450/400mL PCH"
20067210,"PONDS, PEMBERSIH WAJAH BRIGHT BEAUTY/ NIASORCINOL 100g TUB"
20085113,"RINSO, DETERJEN POWDER + MOLTO PERFUME ESSENCE 770/650g BAG"
20042206,"S-26 PROMISEGLD, SUSU BUBUK PERTUMBUHAN 4 VANILLA (NEW) 900g KLG"
20019673,"YOU C1000, ISOTONIC DRINK LEMON WATER 500mL BTL"
20084438,"LIFREE, POPOK CELANA EXTRA 8'S  LARGE BAG"
20025762,"PIATTOS, SNACK KENTANG SAPI PANGGANG 70/68g PCK"
20078207,"GMP, GULA PASIR  1kg PCK"
20128470,"CAMEL, ROKOK FILTER OPTION PURPLE  16'S BKS"
20084162,"GUDANG GARAM, ROKOK FILTER SURYA COKLAT 12'S BKS"
20076765,"ROSE BRAND, GULA PASIR PUTIH 1Kg PCK"
20110320,"MATERAI, 10.000 (DESAIN 2021)   PCS"
20123283,"TWIZZ, ROKOK FILTER ROYAL CRUSH 16'S BKS"
10021008,"GULAKU, GULA TEBU (KUNING)  1000g PCK"
10021010,"GULAKU, GULA TEBU (PUTIH) PREMIUM 1000g PCK"
10008819,"BANGO, KECAP MANIS REFILL 10050/10034  550/520mL PCH"
20092710,"INDOMARET, BERAS PULEN WANGI PREMIUM  5kg SAK"
20123322,"GOLDA, COFFEE DRINK CAPPUCCINO 200mL BTL"
20102167,"DIPLOMAT, ROKOK EVO  16'S BKS"
20072924,"BABY HAPPY !, BABY DIAPERS PANTS 26'S  EXTRALARGE BAG"
20107796,"SAMPOERNA, ROKOK KRETEK HIJAU EDISI KHUSUS 12'S BKS"
20034079,"FRISIAN FLAG, SUSU CAIR UHT COKELAT 225mL TPK"
10010083,"DJARUM, ROKOK KRETEK COKLAT (PCS)  12'S BKS"
20125676,"DJI SAM SOE, ROKOK FILTER MAGNUM EDISI BINTANG 12'S BKS"
10008581,"CAP BADAK, LARUTAN PENYEGAR PUTIH 500mL BTL"
20123284,"TWIZZ, ROKOK FILTER YELLOW CRUSH 16'S BKS"
20129966,"NIPIS MADU, MINUMAN BERKARBONASI LIME SODA 330mL BTL"
20095302,"JUARA, ROKOK KRETEK 12'S TEH MANIS  BKS"
20096704,"DUNHILL, ROKOK FINE CUT MILD  16'S BKS"
10000652,"INDOMIE, MIE INSTANT AYAM BAWANG 69g PCK"
20025002,"GARNIER, BRIGHT COMPLETE VIT C FACIAL WASH 100mL TUB"
20070447,"ESSE, ROKOK FILTER BERRY POP  16'S BKS"
20107742,"INDOMARET, TAS RAMAH LINGKUNGAN KECIL 36x30cm PCS"
20095875,"MAMY POKO, PANTS STANDAR 28'S TIDAK GEMBUNG LARGE PCK"
20123019,"SAYANG, DETERJEN LIQUID KONSENTRAT ROSE 750/720ml PCH"
20040340,"SGM ANANDA 1, FORMULA BAYI BUBUK 0-6 BULAN 400g BOX"
20043039,"BEBELAC 3, SUSU PERTUMBUHAN FOS & GOS MADU 200g BOX"
20128415,"MEDIUM/SPHP, BERAS  5KG SAK"
10005315,"SGM ANANDA 1, FORMULA BAYI BUBUK 0-6 BULAN 150g BOX"
10015532,"AQUA, AIR MINERAL  330mL BTL"
20104077,"SEDAAP, KECAP MANIS SPECIAL  520mL/728g PCH"
10038932,"KAPAL API, KOPI BUBUK SPECIAL MIX 10X24/23g PCK"
20035631,"BEBELAC 3, SUSU PERTUMBUHAN FOS & GOS MADU 400g BOX"
20035629,"BEBELAC 3, SUSU PERTUMBUHAN FOS & GOS VANILA 400g BOX"
20116410,"CHIKI, SNACK TWIST ROASTED CORN 75g PCK"
20045421,"MAMY POKO, PANTS STANDAR 24'S  XXL PCK"
10026038,"SGM EKSPLOR 1+, PRO-GRESSMAXX SUSU PERTUMBUHAN MADU 150g BOX"
10000690,"FANTA, SOFT DRINK STRAWBERRY 1500mL PET"
20109597,"SAMPOERNA, ROKOK FILTER SPLASH TROPICAL 12'S BKS"
20037153,"KAKI TIGA, LARUTAN PENYEGAR PUTIH 500mL BTL"
10010077,"GUDANG GARAM, ROKOK FILTER SURYA PRO 16'S   BKS"
20067449,"GLOW & LOVELY, MULTIVITAMIN FACIAL FOAM 39484  100g TUB"
20002897,"INDOMARET, BERAS SUPER PANDAN WANGI  5kg SAK"
20046315,"MINUTE MAID, JUICE NUTRIBOOST STRAWBERRY 300mL BTL"
20052782,"GARNIER, SKIN NAT.SAKURA GLOW HYALURON FACE WASH 100mL TUB"
20040575,"SGM EKSPLOR 1+, PRO-GRESSMAXX SUSU PERTUMBUHAN VANILA 150g BOX"
20131370,"SAMPOERNA, ROKOK FILTER SPLASH ROYAL 16'S BKS"
20120180,"SO SOFT, DETERJEN CAIR NATURE FRESH/ ROSE&WATERLILY 750/700ml BTL"
20033460,"DJARUM, ROKOK KRETEK COKLAT EXTRA12'S   BKS"
20114495,"NESCAFE, COFFEE DRINK CAPPUCCINO 220mL KLG"
20113377,"FLORIDINA, JUICE PULP COCO BIT  350mL BTL"
20130634,"DJARUM 76, ROKOK SIGARET KRETEK MANGGA 12'S BKS"
10010113,"LUCKY STRIKE, ROKOK FILTER COOL SWITCH 20'S BKS"
20122885,"DJI SAM SOE, ROKOK KRETEK ELITE 12'S BKS"
20092331,"EKONOMI, PENCUCI PIRING POWER LIQUID JERUK NIPIS 755/650mL PCH"
10005198,"HIT, INSEKTISIDA SPRAY ORANGE 600mL KLG"
20073495,"SOSRO, FRUIT TEA FREEZE 350mL BTL"
10033567,"BINTANG ZERO, SOFT DRINK  330mL KLG"
20128089,"TEREA, STICK TEMBAKAU YUGEN 20x6.3g BKS"
20112781,"ESSE CHANGE, ROKOK FILTER JUICY 16'S BKS"
10005909,"INDOMILK, SUSU CAIR UHT PLAIN 950mL TPK"
20116112,"MAXICORN, SNACK BARBECUE 150/140g PCK"
20090527,"CRYSTALIN, AIR MINERAL  600mL BTL"
20130152,"LEMONILO, BROWNIES CRISPY CHOCOCHIPS 35g PCH"
20128850,"LARISST, BERAS PREMIUM  2.5kg SAK"
20126488,"DJARUM KING, ROKOK FILTER  12'S BKS"
20040302,"SGM EKSPLOR 3+, PRO-GRESSMAXX SUSU PERTUMBUHAN MADU 400g BOX"
20095876,"MAMY POKO, PANTS STANDAR 23'S TIDAK GEMBUNG EXTRALARGE PCK"
20106381,"VIDORAN XMART3+, SUSU PERTUMBUHAN MADU 925g BOX"
20108797,"WIN, ROKOK FILTER BOLD 20'S   BKS"
20129109,"CIMORY, FRESH MILK UHT CHOCO TIRAMISU 250mL TPK"
20057224,"BEBELOVE 1, SUSU BUBUK INFANT FORMULA  200g BOX"
20021571,"ANLENE GOLD, 5X SUSU BUBUK HI-CALCIUM VANILA 620/600g BOX"
20034078,"FRISIAN FLAG, SUSU CAIR UHT STROBERI 225mL TPK"
20054151,"HIT, INSEKTISIDA SPRAY LILY BLOSSOM 600mL KLG"
20100889,"DUNHILL, ROKOK FINE CUT FILTER  12'S BKS"
10010082,"DJARUM SUPER, ROKOK FILTER (PCS)  16'S BKS"
20070110,"VIDORAN XMART1+, SUSU PERTUMBUHAN MADU 700g BOX"
20107748,"MILKU, SUSU UHT COKELAT PREMIUM 200mL BTL"
10003842,"CAP BADAK, LARUTAN PENYEGAR JAMBU 320mL KLG"
10005279,"SGM ANANDA 2, FORMULA BAYI BUBUK 6 -12 BULAN 150g BOX"
20048847,"INDOMARET, FACIAL TISSUE NON PERFUMED 900g BAG"
20114494,"NESCAFE, COFFEE DRINK CRMEL MACCHIATO 220mL KLG"
20013433,"INDOMILK, SUSU KENTAL MANIS PUTIH 6X37g PCK"
20096590,"SEDAAP MIE, MIE INSTANT SOTO 5x75g PCK"
20002205,"SOSRO, FRUIT TEA BLACKCURRANT 500mL BTL"
20087019,"BEBELAC 4, SUSU PERTUMBUHAN HIQ-EQ MADU 1000g BOX"
10008825,"ULTRA, SUSU UHT STERIL COKLAT 125mL TPK"
20045621,"LIFREE, POPOK PEREKAT 8/7'S  LARGE BAG"
20088715,"HIT, INSEKTISIDA SPRAY LILY BLOSSOM 400mL KLG"
20095744,"HIT, ANTI NYAMUK REFILL EXPERT FRESH 35ml BOX"
20087580,"ENTRASOL GOLD, SUSU BUBUK VANILA 2x290g BOX"
10014263,"WIPOL, KARBOL WANGI CEMARA 780/750mL PCH"
20101378,"KODOMO, BABY WIPES RICE MILK PINK 2x50'S PCK"
20122291,"BEBELAC 3, SUSU PERTUMBUHAN GROGREAT+ MADU 620g BOX"
20053540,"ADEM SARI, CHING KU LEMON 350mL BTL"
20000787,"NESCAFE, ICE COFFEE ORIGINAL 220mL KLG"
20102468,"LUCKY STRIKE, ROKOK FILTER PURPLE BOOST 20'S BKS"
20060386,"GIV, BODY WASH GLOWING WHITE MULBERY&COLAGEN 450/400mL PCH"
20120855,"INDOMILK, KENTAL MANIS SWISS CHOCO 545g PCH"
10007379,"ULTRA, SUSU UHT STERIL SLIM PLAIN 200mL TPK"
20065463,"CONFIDENCE, ADULT DIAPERS CLASIC NIGHT 7'S  LARGE BAG"
20125783,"CAP ENAK, KRIMER KENTAL MANIS PUTIH 545g PCH"
20019930,"INDOMIE, MIE GORENG RENDANG 91g PCK"
20014954,"NESCAFE, ICE COFFEE MOCHA 220mL KLG"
20032503,"MINUTE MAID, JUICE PULPY ORANGE 1L BTL"
10000104,"REGAL, MARIE  120g PCK"
10000279,"SWALLOW, TOILET COLOUR BALL S-109 (5'S)   PCK"
20091183,"FRISIAN FLAG, SUSU CAIR UHT MILKY STRAWBERRY 6x115mL BDD"
20052043,"GARNIER, MEN ACNO FIGHT WASABI FOAM  100mL TUB"
20071642,"ADEM SARI, CHING KU SPARKLING 320mL KLG"
10010350,"FRISIAN FLAG 1+, SUSU BUBUK PERTUMBUHAN VANILA 750g BOX"
10010351,"FRISIAN FLAG 1+, SUSU BUBUK PERTUMBUHAN MADU 750g BOX"
10000975,"POP MIE, MI INSTAN AYAM 75g CUP"
20112785,"ESSE CHANGE, ROKOK FILTER APPLEMINT 16'S BKS"
20002313,"FRISIAN FLAG, KRIMER KENTAL MANIS OMELA  370g KLG"
20040276,"ADEM SARI, CHING KU LEMON 320mL KLG"
20045528,"BEBELOVE 2, SUSU FORMULA LANJUTAN  200g BOX"
20084481,"POP MIE, MI INSTAN PEDES DOWER AYAM 75g CUP"
20022498,"HIT, INSEKTISIDA SPRAY ORANGE 400mL KLG"
10009493,"DANCOW FORTIGRO, SUSU BUBUK COKELAT 390g BOX"
10012828,"MISTER POTATO, SNACK CRISPS ORIGINAL 85/80g KLG"
20017575,"NESCAFE, KOPI INSTANT CLASSIC  10X2g PCK"
10004048,"PEPSODENT, PASTA GIGI WHITE  75g TUB"
20094164,"MIZONE, ACTIVE MINUMAN ISOTONIK LYCHEE 500mL BTL"
20021324,"LAURIER, PEMBALUT 12'S RELAX NIGHT 35cm BAG"
20116110,"MAXICORN, SNACK ROASTED CORN 150/140g PCK"
20087024,"SGM EKSPLOR 3+, PRO-GRESSMAXX SUSU PERTUMBUHAN MADU 600g BOX"
20017043,"CHARM, PEMBALUT SAFE NIGHT 8/7'S WING 42cm PCK"
20083489,"SWEETY, BRONZE PANTS BABY 36+2'S  SMALL BAG"
10037405,"CAP LANG, MINYAK KAYU PUTIH  30mL BTL"
10008469,"BARCO, MINYAK GORENG REFILL  1000mL PCH"
20097774,"JAPOTA, POTATO CHIPS UM.JPNS SEAWEED 68g PCK"
10026501,"DUA KELINCI, KACANG SUKRO  100/95g PCK"
20085444,"GAGA, MIE GORENG 100 EXTRA PEDAS JALAPENO 85gr PCK"
20020226,"MOLTO, PEWANGI PAKAIAN HIJAB SOFT & FRESH PINK 820/780mL PCH"
20069547,"INDOMARET, DIAPERS ADULT 7'S LEAK GUARD LARGE BAG"
20044334,"SOSRO, TEH BOTOL (KOTAK)  330mL TPK"
20014071,"FRISIAN FLAG, SUSU CAIR UHT CHOCOLATE 946mL TPK"
10001826,"KHONG GUAN, CRACKERS SALTCHEESE REGULAR 200g PCK"
20094167,"MIZONE, MOOD UP MINUMAN ISOTONIK CRANBERRY 500mL BTL"
20036590,"LUWAK, WHITE KOFFIE ORIGINAL  10X20g PCK"
20095218,"SAMPOERNA, ROKOK FILTER SPLASH SUNNY 16'S BKS"
20035963,"GEO, ROKOK FILTER MILD  16'S BKS"
20033689,"IN MILD, ROKOK KRETEK FILTER  16'S BKS"
20087018,"BEBELAC 4, SUSU PERTUMBUHAN HIQ-EQ VANILLA 1000g BOX"
20029372,"CHARM, PEMBALUT BODY FIT 30/28'S EXT.MAXI WING 23cm PCK"
20103661,"BULL, ROKOK KRETEK FILTER  20'S BKS"
20052629,"INDOMARET, AIR MINUM DENGAN OKSIGEN SPORTY 600mL BTL"
20104405,"FITTI, PANTS 32'S  MEDIUM BAG"
20090042,"VIDORAN XMART1+, SUSU PERTUMBUHAN VANILA 700g BOX"
10010080,"GUDANG GARAM, ROKOK KRETEK SOFTPACK (PCS)  12'S BKS"
20124789,"NIVEA, BODY SERUM SUPER 10 VITAMIN NIACINAMIDE 180ml TUB"
10003627,"CAP BADAK, LARUTAN PENYEGAR ORANGE 320mL KLG"
20122278,"SOSRO, TEH BOTOL LESS SUGAR JASMINE TEA 350mL BTL"
10003873,"KAPAL API, KOPI BUBUK  380g PCK"
20124625,"FRISIAN FLAG, SUSU CAIR JUNIO COKELAT 6x110mL BDD"
20095874,"MAMY POKO, PANTS STANDAR 30'S TIDAK GEMBUNG MEDIUM PCK"
20114735,"ESSE, ROKOK FILTER BERRY POP  12'S BKS"
20119955,SAY BREAD TA (DC) APPLE PIE  PCS
20106020,SAY BREAD TA (DC) CHEESE CROISSANT (NEW)  PCS
20127750,SAY BREAD TA (DC) CHICKEN SAUSAGE CHEESE BREAD PCS
20090985, SAY BREAD TA (DC)  CHOCO FLAT  PCS
20090979, SAY BREAD TA (DC)  CHOCO STRIPE PCS
20090998, SAY BREAD TA (DC)  CHOCO TOPPING PIE  PCS
20119183,SAY BREAD TA (DC) CHOCOLATE CROISSANT  PCS
20090997, SAY BREAD TA (DC)  CREAM CHEESE TOPPING PIE  PCS
20106024,SAY BREAD TA (DC) CROISSANT SMOKE BEEF (NEW) PCS
20091004,SAY BREAD TA (DC) DOUBLE CHEESE BREAD  PCS
20088556, SAY BREAD TA (DC) DURIAN PASTRY  PCS
20090984, SAY BREAD TA (DC)  HOKAIDO  PCS
20121305,SAY BREAD TA (DC) MINI BUTTER CROISSANT  PCK 5's
20090960,SAY BREAD TA (DC) PISANG COKLAT  PCS
20090981, SAY BREAD TA (DC)  POLO COKLAT  PCS
20090982, SAY BREAD TA (DC)  POLO KEJU  PCS
20104109,SAY BREAD TA (DC) POLO MATCHA  PCS
20094480,SAY BREAD TA (DC) POLO MOCHA  PCS
20090983, SAY BREAD TA (DC)  POLO SUSU  PCS
20095130,SAY BREAD TA (DC) RED BEAN BUN  PCS
20104105,SAY BREAD TA (DC) ROTI KLEPON  PCS
20087465, SAY BREAD TA (DC) SAUSAGE  BLACK PEPPER PCS PCS
20090996, SAY BREAD TA (DC)  TUNA MAYO CORN  PCS
20090986, SAY BREAD TA (DC)  WHITE ROLL  PCS
20119953,SAY BREAD TA APPLE PIE  PCS
20071464,SAY BREAD TA BOULE HOKAIDO PCS
20109806,SAY BREAD TA BUTTER CROISSANT  PCS
20106019,SAY BREAD TA CHEESE CROISSANT (NEW)  PCS
20127749,SAY BREAD TA CHICKEN SAUSAGE CHEESE BREAD PCS
20071468,SAY BREAD TA CHOCO FLAT (NEW) PCS
20048886,SAY BREAD TA CHOCO STRIPE  PCS
20078583,SAY BREAD TA CHOCO TOPPING PIE  PCS
20119181,SAY BREAD TA CHOCOLATE CROISSANT  PCS
20078581,SAY BREAD TA CREAM CHEESE TOPPING PIE  PCS
20106023,SAY BREAD TA CROISSANT SMOKE BEEF (NEW)  PCS
20078595,SAY BREAD TA DOUBLE CHEESE BREAD  PCS
20088554,SAY BREAD TA DURIAN PASTRY  PCS
20121302,SAY BREAD TA MINI BUTTER CROISSANT  PCK 5'S
20090958,SAY BREAD TA PISANG COKLAT  PCS
20071450,SAY BREAD TA POLO COKLAT PCS
20071451,SAY BREAD TA POLO KEJU PCS
20104107,SAY BREAD TA POLO MATCHA  PCS
20094478,SAY BREAD TA POLO MOCHA  PCS
20071455,SAY BREAD TA POLO SUSU PCS
20095128,SAY BREAD TA RED BEAN BUN  PCS
20104103,SAY BREAD TA ROTI KLEPON  PCS
20087467,SAY BREAD TA SAUSAGE BLACK PEPPER PCS
20076651,SAY BREAD TA TUNA MAYO CORN  PCS
20071968,SAY BREAD TA WHITE ROLL  PCS
20125213,SAY BREAD TA PINAPEL BUN  PCS
20125215,SAY BREAD TA (DC) PINAPEL BUN  PCS
20035678,"S-26 PROCAL,SUSU BUBUK PERTUMBUHAN 3 VA"
20014400,"MORINAGACHILKID,SUSU PERTUMBUHAN DHA"
20045609,"SEDAAP MIE,MIE INSTANT BASO 72/77g CUP"
20070168,"MR.BREAD,ROTI MANIS KASUR COKLAT SUSU"
20074296,"EMCO,MINI CUP CAKE SURPRISE"
20047163,"KIWI,LIQUID SHOE POLISH NEUTRAL 75mL BTL"
10012828,"MISTER POTATO,SNACK CRISPS ORIGINAL 80g K"
20097166,"SIS2SIS,LONG WEAR CREAMY EYE SHADOW 05 C"
20092325,"BANGKIT JAYA,GEMBLONG ORIGINAL"
10010874,"DANCOW 1+,SUSU BUBUK PERTUMBUHAN DHA"
20099170,"LUMINARC,DIWALI DEEP PLATE  20cm PCS"
10014404,"MILO,HEALTY DRINK (RTD)  240mL KLG"
20028227,"WALL'S,ICE CREAM CORNETTO DISC CHOCOLAT"
20087013,"PIATTOS,SNACK KENTANG IGA PENYET 78g PCK"
20095319,"GREENFIELDS,YOGURT DRINK LYCHEE 250ml BT"
20090067,"SUNLIGHT,PENCUCI PIRING REF MINT ANTI BAU"
20073986,"SARIWANGI,TEH CELUP MELATI (97762)  25x1.9g B"
20034079,"FRISIAN FLAG,SUSU CAIR UHT COKELAT 225mL T"
20019342,"LAURIER,PEMBALUT 10'S SLIM GUARD 22.5cm PC"
10007971,"BUAVITA,JUICE SLIM (82317) ORANGE 250mL TPK"
20094799,"MATCHAMU,HOJICHA LATTE  3x24g BOX"
20019253,"PEPSODENT,SIKAT GIGI DOUBLE CARE CLEAN S"
20070628,"PEAR,SEGAR"
10000739,"CHITATO,SNACK POTATO CHIPS SAPI PANGGANG"
20082246,"DIVA,MINUMAN COLLAGEN HIGH VIT E MIX BER"
10017154,"BANGO,KECAP MANIS REFILL (24205)  220mL PCH"
20074314,"INDOMARET,STATIONERY TAPE (NEW) 1INX72YR"
20097154,"NESTLE,CEREAL BREAKFAST KOKO KRUNCH MA"
20000787,"NESCAFE,ICE COFFEE ORIGINAL 240mL KLG"
20062910,"PRISTINE 8+,AIR MINERAL  400mL BTL"
10014741,"FORMULA,PASTA GIGI GEL JNR+SIKAT GIFT ORA"
10005039,"WALL'S,ICE CREAM POPULAIRE STRAWBERY-VA"
10000316,"BENG-BENG,WAFER CHOCOLATE 20g PCK"
20098010,"ADINATA,UNICORN NOTES ADBP 1950-4601C"
20087307,"DADI PRIMA,KERTAS KADO 2'S"
20094425,"IZZI,POCKET EAU DE COLOGNE SWEET KISSES 1"
20092548,"CHOMP CHOMP,DUCKIE MARSHMALLOW  60g PC"
20056640,"INDOMARET,AMPLOP COKLAT NO.304 (10'S)  135x"
10025484,"SHINZU'I,SABUN MANDI SKIN LIGHTENING KIRE"
20098401,"INDOMARET,SNACK SOES KEJU 70g PCK"
10003303,"INDOMARET,KAPAS KECANTIKAN  50g PCK"
20010649,"FRISIAN FLAG,GOLD SUSU KENTAL MANIS PUTI"
20086168,"GLICO,BISCUIT POCKY COOKIES & CREAM 40g B"
10033567,"BINTANG ZERO,SOFT DRINK  330mL KLG"
20088719,"KANZLER,SINGLES SOSIS ORIGINAL 65g PCK"
20028005,"CIMORY,YOGHURT DRINK BLUEBERRY 250mL BT"
20038286,"WALL'S,ICE CREAM CORNETTO CLASSICO BLACK"
20095220,"GERY,CRACKERS MALKIST SALUUT COKLAT CO"
20087711,"JERUK,MURCOT"
20062816,"GOOD TIME,COOKIES CHOCOHIPS RAINBOW 72g"
20089525,"WRIGLEY'S,DOUBLEMINT CHEWY MINTS LEMON"
20094013,"CIMORY,YOGHURT DRINK YOLITE C+ 100 BLUEB"
20020018,"HATARI,CRACKERS SEE HONG PUFF SUGAR 260g"
20055226,"NUTRIVE,MINUMAN BENECOL NO SUGAR STRAW"
20040283,"INDOMARET,BALLPOINT 2'S BIRU"
10036640,"ULTRA,TEH KOTAK EXTRA 50%  200mL TPK"
20069149,"TANGO,WAFER LONG VANILLA MILK 130g PCK"
10004018,"TONG TJI,TEH BUBUK SUPER 80g PCK"
10023790,"SEDAAP MIE,MIE INSTANT AYAM BAWANG 70g P"
20045931,"MILKUAT,MINUMAN SUSU STROBERI SPLASH 13"
20033450,"QTELA,KERIPIK TEMPE ORIGINAL 55g PCK"
20093061,"YEO'S,DRINK GRASS JELLY LYCHEE 300mL KLG"
20045674,"GOOD DAY,COFFEE DRINK FUNTS.MOCACINNO"
20018435,"HYDRO COCO,NATURAL HEALTH DRINK  250mL T"
20095233,"INDOMARET,LIGHTER SOLID"
20031736,"MINTZ,CANDY CHEWY MINTS PEPPERMINT 115g"
20056644,"INDOMARET,AMPLOP PUTIH NO.90 (25'S)  229x110"
20003698,"SOSRO,FRUIT TEA X-TREME APEL-BLACKCRRNT"
20015838,"POCARI SWEAT,MINUMAN ISOTONIK  350mL BTL"
20083542,"OISHI,SNACK STICK MAKADO SAUS TOMAT 70g"
20005530,"NESTLE,AIR MINERAL PURE LIFE 1500mL BTL"
20035518,"WALL'S,ICE CREAM PADDLE POP RAINBOW POW"
10025399,"PIATTOS,SNACK KENTANG SAPI PANGGANG 35g"
20099159,"YOYIC,MINUMAN SUSU FERMENTASI BLUEBERR"
20016624,"STT,FRENCH FRIES 2000 PREMIUM  28g PCK"
10000439,"PALMIA,MARGARINE SERBA GUNA  200g PCK"
20055683,"ICHI OCHA,MINUMAN GREEN TEA HONEY 500/45"
20056643,"INDOMARET,AMPLOP PUTIH NO.80 (25'S)  70x110m"
20070953,"WALL'S,ICE CREAM SOLERO SPLIT LIME 64mL PC"
20034078,"FRISIAN FLAG,SUSU CAIR UHT STROBERI 225mL"
10000407,"CAMPINA,ICE CREAM TROPICANA CHOCOLATE 7"
10007380,"ULTRA,SUSU UHT STERIL SLIM COKLAT 200mL TP"
20096593,"INDOMIE,MIE GORENG CHITATO 100g PCK"
20094810,"DORITOS,SNACK ROASTED CORN 55g PCK"
20003593,"SARI ROTI,ROTI MANIS ISI KRIM KEJU 72g PCK"
20081244,"RELAXA,CANDY GUMMY PLAY AVENGERS 40g P"
20049556,"SEDAAP MIE,MIE INSTANT GORENG AYAM KRISP"
10000184,"INDOMIE,MIE INSTANT AYAM SPECIAL 68g PCK"
20094693,"SEDAAP MIE,TASTY BAKMI AYAM RP 5.000,-  129g"
20087007,"RINSO,DETERJEN POWDER + MOLTO ROSE FRESH"
20067874,"INDOMILK,SUSU CAIR UHT BANANA FRUIT 190m"
20085628,"ETERNALPLUS,MINERAL WATER  250mL BTL"
10008887,"ULTRA,JUICE (SLIM) KACANG HIJAU 250mL TPK"
20034716,"SHINZU'I,SABUN MANDI SKIN LIGHTENING KEN"
20065780,"FANTA,SOFT DRINK STRAWBERRY 390mL PET"
20070539,"AICE,ICE CREAM CHOCOLATE CRSP 60g PCK"
10014293,"POP MIE,MI INSTAN SOTO AYAM 75g CUP"
20035998,"INDOMARET,TRAVEL PACK TISSUE 50'S"
10000278,"ABC,JUICE KACANG HIJAU 250mL TPK"
20031983,"MENTOS,CANDY RAINBOW  37g ROL"
10036998,"MENTOS,CANDY MINT 37g ROL"
20090456,"CHUPA CHUPS,CANDY LOLLIPOPS GUMFILLED  1"
20072802,"FRESTEA,MINUMAN TEH MARKISA 350mL BTL"
20083774,"POKKA,MINUMAN TEH LYCHEE 350mL BTL"
20097214,"AICE,ICE CREAM CHOCO VANILLA 90ml CUP"
20084875,"MAMA LEMON,CAIRAN PENCUCI PIRING EKS. CL"
20087412,"GREENFIELDS,UHT MILK STRAWBERRY 125mL TP"
20035484,"PUCUK HARUM,MINUMAN TEH MELATI 350mL B"
10003814,"AQUA,AIR MINERAL  600mL BTL"
20096595,"AICE,ICE CREAM TARO CRISPY  50ml PCK"
20046862,"ULTRA MIMI,SUSU CAIR UHT FULL CREAM 125mL"
20044334,"SOSRO,TEH BOTOL (KOTAK)  330mL TPK"
20016247,"POP MIE,MI INSTAN MINI SOTO MIE 39g CUP"
20016246,"POP MIE,MI INSTAN MINI BASO SAPI 38g CUP"
20070038,"PRIME BREAD,ROTI MANIS ISI KRIM JAGUNG MA"
10004779,"INDOMILK,SUSU CAIR UHT KIDS COKELAT 115m"
20095755,"AICE,ICE CREAM MOCHI STRAWBERRY 45ml PCK"
20092473,"AICE,ICE CREAM MOCHI CHOCOLATE 45ml PCK"
20008767,"CLUB,AIR MINERAL  600mL BTL"
20085115,"INDOMIE,MIE GORENG ACEH  90g PCK"
10004501,"BIG BABOL,CANDY STICK BLUEBERRY 20g STK"
20019930,"INDOMIE,MIE GORENG RENDANG 91g PCK"
20011214,"SEDAAP MIE,MIE INSTANT AYAM SPESIAL 69g PC"
20056352,"SUPERMI,MIE INSTANT SOP BUNTUT 75g PCK"
20028585,"MI GEMEZ,SNACK MIE KERING ENAAK PREMIUM"
20096746,"TELKOMSEL,KARTU PERDANA 4G MIGRASI"
20085183,"PONDS,CUTE BAG"
20087724,"PONDS,MEN KAOS KAKI"
20079650,"DANCOW,FORTIGRO BOOK AND 3D PUZZLE"
20085184,"PONDS,POUCH"
20089798,"FRISIAN FLAG,HADIAH FUN DOH"
20079842,"SGM EKSPLOR,BACKPACK UPIN IPIN (HADIAH)"
20077113,"MOLTO,TAS TANGAN & HIJAB CANTIK"
20086006,"GOOGLE PLAY,GIFT CARD 150.000,- FISIK NEW"
20090541,"SGM EKSPLOR 3+,BOTOL MINUM UPIN IPIN"
20085976,"GOOGLE PLAY,GIFT CARD 300.000,- FISIK NEW"
20085974,"GOOGLE PLAY,GIFT CARD 50.000,- FISIK NEW"
20075620,"PONDS,BEAUTY & THE BEAST KEY CHAIN"
20076433,"PEPSODENT,SIKAT GIGI DOUBLE CARE(HADIAH)"
20095145,"BENDERA,CONTAINER"
10002560,"INDOMIE,MIE INSTANT SOTO MIE 70g PCK"
10004503,"BIG BABOL,CANDY STICK STRAWBERRY 20g STK"
20090961,"SEDAAP MIE,MIE INSTANT GORENG AYAM ISTIM"
20048849,"INDOMIE,MIE GORENG IGA PENYET 80g PCK"
20088789,"INDOMILK,SUSU CAIR UHT KIDS FULL CREAM 1"
20083146,"TEH GELAS,MINUMAN TEH ALAMI LESS SUGAR"
20037535,"MILO,HEALTY DRINK UHT COKLAT 115mL TPK"
10022118,"SUN KARA,SANTAN KELAPA SIAP PAKAI  65mL P"
20066789,"FRESTEA,MINUMAN TEH AROMA MELATI 350mL"
20018904,"NU,MINUMAN GREEN TEA HONEY 330mL BTL"
20064211,"MR.BREAD,ROTI SANDWICH SPECIAL COKLAT"
20074146,"FANTA,SOFT DRINK ORANGE 390mL PET"
20065778,"COCA COLA,SOFT DRINK  390mL PET"
20025418,"SEDAAP MIE,MIE INSTANT KARI SPESIAL 75g PCK"
20074977,"SEDAAP MIE,MIE INSTANT AYAM BWG TELUR 73"
20089825,"INDOMILK,SUSU CAIR UHT CHOCOLATE JAVA CR"
10005038,"WALL'S,ICE CREAM POPULAIRE CHOCOLATE-VA"
10037640,"WALL'S,ICE CREAM FEAST VANILLA 65mL PCS"
20096780,"FINNA,SNACK KERUPUK UDANG PARS SEAWEED"
20021178,"MINUTE MAID,JUICE PULPY ORANGE 300/350mL"
20049493,"MAESTRO,MAYONNAISE  100g PCK"
20096782,"SEDAAP MIE,TASTY BAKMI AYAM GEPREK MATA"
20002988,"KUSUKA,KERIPIK SINGKONG AYAM LADA HITAM"
20095742,"TANGO,DRINK VELLUTO  250mL BTL"
20087533,"CAMPINA,ICE CREAM TROPICANA CHO VAN ORA"
20048585,"ICHI OCHA,MINUMAN GREEN TEA  500/450mL BT"
20036765,"FRESTEA,MINUMAN TEH GREEN MADU 500mL BT"
20036893,"INDOMARET,SIKAT GIGI ULTRA CLEAN MEDIUM"
10000426,"AQUA,AIR MINERAL  1500mL BTL"
20059502,"KOPIKO,COFFEE 78C MOCHARETTA 240mL BTL"
20046911,"MY TEA,MINUMAN TEH OOLONG TEH POCI 450m"
20094832,"WALL'S,ICE CREAM FRUIT SLICE YUMMY MELON"
20034684,"OISHI,SNACK KRAKER UDANG PEDAS 70g PCK"
20070039,"PRIME BREAD,ROTI MANIS ISI KRIM VANILA"
10005128,"SOSRO,TEH BOTOL (KOTAK)  250mL TPK"
20078113,"OISHI,SNACK POPPY POP JAGUNG BAKAR 70g PC"
10004360,"LAURIER,PANTY LINERS 20'S CLEANFRESH NON"
20013333,"BAMBOE,BUMBU INSTANT RAWON (NEW)  54g PC"
20021359,"BAMBOE,BUMBU INSTANT SOTO MADURA 40g P"
20077369,"PROMINA,SNACK RICE PUFFS BLUEBERRY 15g P"
10000304,"KAPAL API,KOPI BUBUK SPECIAL 65g PCK"
20016245,"POP MIE,MI INSTAN MINI AYAM BAWANG 40g CU"
20002205,"SOSRO,FRUIT TEA BLACKCURRANT 500mL BTL"
20081142,"DELFI,CHOCOLATE NOCKERS CARAMEL  45g PCK"
20069208,"LE MINERALE,AIR MINERAL  600mL BTL"
20090329,"CHOCOLATOS,CHOCOLATE DRINK  200ml BTL"
10025991,"YEO'S,DRINK GRASS JELLY 300mL KLG"
20045982,"MILKUAT,MINUMAN SUSU JERUK MANDARIN 13"
20088366,"KIKY,KERTAS KADO 3 IN 1 3'S (NEW) BUNGA"
20035264,"INDOMARET,SNACK KACANG ATOM / SHANGHA"
20009737,"YOU C1000,HEALTH DRINK VITAMIN ORANGE 14"
20056958,"QTELA,KERIPIK TEMPE RUMPUT LAUT 55g PCK"
20027448,"TANGO,WAFER CHOCOLATE 130g PCK"
20055311,"NABATI RICHEESE,WAFER KRIM KEJU 145g PCK"
20098300,"TANGO,WAFER WALUT CHOCO BANANA 60g PCH"
20088730,"KANZLER,SINGLES SOSIS KEJU 65g PCK"
20030414,"CIMORY,YOGHURT DRINK LYCHEE 250mL BTL"
10004906,"BEAR BRAND,SUSU ENCER STERIL  189mL KLG"
20054695,"WALL'S,ICE CREAM DUNG DUNG (73755) KACAN"
20048521,"GO FRESS,REFRESHING ORAL CARE STRIPS 24 G"
10003374,"SARIMI,MIE INSTANT AYAM BAWANG 75g PCK"
20070579,"INDOMARET,LIGHTER ELEKTRIK"
10037632,"WALL'S,ICE CREAM FEAST CHOCOLATE 65mL PCS"
10001094,"CHITATO,SNACK POTATO CHIPS SAPI PANGGANG"
20019830,"KUSUKA,KERIPIK SINGKONG SAOS BALADO 60g"
20044352,"SARIWANGI,TEH CELUP SARI MURNI (98958)  25x"
20034080,"FRISIAN FLAG,SUSU CAIR LOW FAT STRAWBERR"
20053100,"SURPRISE EGG,PERMEN ANEKA RASA MARVEL"
10007973,"BUAVITA,JUICE SLIM (82313) MANGGA 250mL TPK"
20055605,"DADI,STICKER CUT AND PASTE"
10032310,"CHUPA CHUPS,CANDY LOLLIPOPS ASSORTED 10."
20052031,"MAMA LIME,CAIRAN PENCUCI PIRING REFILL GR"
10025006,"NESTLE,CEREAL BREAKFAST COMBO PACK KOK"
20077499,"PRISTINE 8+,AIR MINERAL  600mL BTL"
20026897,"TESSA,FACIAL TISSUE TP-02/260'S"
20062912,"CHITATO,SNACK POTATO CHIPS SAPI PANGGANG"
20094824,"WALL'S,ICE CREAM FEAST DOUBLE CHOCOLATE"
20094327,"PIATTOS,SNACK KENTANG SAMBAL MATAH 78g"
20049610,"SARIMI,MIE INSTANT (ISI 2) BASO SAPI 115g PCK"
20025753,"FRISIAN FLAG,SUSU CAIR LOW FAT COKELAT 22"
20008252,"WALL'S,ICE CREAM PADDLE POP SHAKY SHAKE"
20097774,"JAPOTA,POTATO CHIPS UM.JPNS SEAWEED 68g P"
20071105,"MITU,BABY TISSUE GANTI POPOK 50'S PURPLE"
10000126,"VAN HOUTEN,COCOA POWDER  90g BOX"
20068531,"PEAR,PAKAM AUSTRALIA"
10015861,"DANCOW 3+,SUSU BUBUK PERTUMBUHAN DHA"
20062125,"L A,ROKOK FILTER BOLD  20'S BKS"
20092326,"BANGKIT JAYA,GEMBLONG PEDAS"
10016170,"KRAFT,SANDWICH OREO CHOCOLATE CREME 13"
20097165,"SIS2SIS,LONG WEAR CREAMY EYE SHADOW 02 C"
10027546,"ANGGUR,RED FELIPE"
20016076,"LAURIER,PEMBALUT 20'S SLIM GUARD 22.5cm PC"
20040194,"GARNIER,LIGHT INTENSIVE BRIGHTNG SCRUB  1"
20011008,"LIFEBUOY,SABUN MANDI CAIR REFILL RED 450m"
20052321,"DAIA,DETERGENT BUBUK+SOFTENER  1.8kg BAG"
20036148,"SILVER QUEEN,CHOCOLATE CHUNKY BAR CASH"
10037807,"AQUA,GALON KOSONG (BKL)"
10009996,"PHILIPS,LAMPU HEMAT ESSENTIAL C.DAYLIGHT"
20022418,"INDOMARET,CARD"